Date,Open,High,Low,Close,Volume
2000-01-03,93.38876712603992,93.38876712603992,90.63277484154465,91.61705780029297,8164300
2000-01-04,90.41625176431455,90.75090804125628,87.96538667730015,88.03428649902344,8089800
2000-01-05,88.1523553780147,89.15632369518279,86.4593891961234,88.19172668457031,12177900
2000-01-06,87.95552306685819,89.13666258879451,86.77438354492186,86.77438354492188,6227200
2000-01-07,88.388636230809,91.8139419555664,88.2311509101305,91.8139419555664,8066500
2000-01-10,92.12885284423828,92.54225154289833,91.36111240386964,92.12885284423828,5741700
2000-01-11,91.85328695435837,92.03045788933248,90.39654815568231,91.0264892578125,7503700
2000-01-12,91.08559236905626,91.08559236905626,90.00288055139944,90.1209945678711,6907700
2000-01-13,91.00683537187247,91.81394769076643,90.25878005192197,91.34149169921875,5158300
2000-01-14,92.30605817434257,92.89662796432557,91.95171630035277,92.58165740966797,7437300
2000-01-18,91.55798664248353,92.36509854365356,91.45955836185303,91.853271484375,6488500
2000-01-19,91.53834581375122,92.60137176513672,91.34148915608725,92.60137176513672,6157900
2000-01-20,92.58162606524269,92.58162606524269,90.59337511210862,91.18394470214844,5800100
2000-01-21,91.65644171536097,91.65644171536097,90.75090126886042,90.98712921142578,6244800
2000-01-24,91.75486463004405,91.87297859438223,87.817732485438,88.4083023071289,7896900
2000-01-25,88.51657204352932,89.41226959228516,87.56181751353685,89.41226959228516,9942500
2000-01-26,88.82167380341835,89.16617275988108,88.25078981842297,88.70355987548828,5158100
2000-01-27,89.3531886881048,89.58941654980501,87.01059572624438,88.3492202758789,10922700
2000-01-28,87.83741944496415,88.23113266524638,85.37671181820025,85.59325408935547,11916200
2000-01-31,85.55387387786058,87.98505276049193,85.04204674467503,87.91615295410156,10768700
2000-02-01,88.03427067183601,89.25478158007704,87.2665299392328,88.7823257446289,8419900
2000-02-02,88.99886834478822,89.60912380125546,88.42798420809305,88.86106872558594,6205900
2000-02-03,88.7429454641954,90.23905545871156,88.19174704516314,90.1996841430664,7997500
2000-02-04,90.19966523761737,90.71149223372781,89.53035301193448,89.82563781738281,4925400
2000-02-07,89.80595725162496,89.94375683530785,89.09727367839864,89.6878433227539,5845800
2000-02-08,90.69184395057808,91.0658715249347,90.4753016706874,90.90838623046875,4936400
2000-02-09,91.00683161907033,91.00683161907033,88.98905090504161,88.99889373779297,8511500
2000-02-10,89.21536617321158,89.80593567568208,88.74291057123517,89.17599487304688,6690600
2000-02-11,89.35319578524052,89.41225275535635,86.95154566719704,87.36494445800781,9849800
2000-02-14,88.05392563727594,88.05392563727594,87.12869994871077,87.87675476074219,8528800
2000-02-15,87.71929955300283,88.95949611311036,86.80391637768535,88.87091064453125,11078300
2000-02-16,88.42804401040935,88.78238612799336,87.43391751385421,87.56187438964844,8845400
2000-02-17,88.46731875662076,88.46731875662076,87.06963748565501,87.1090087890625,7584200
2000-02-18,87.48307207561255,87.48307207561255,84.80582234512576,85.23890686035156,9409200
2000-02-22,85.16013844395766,85.88850763545706,84.11679879126932,85.0223388671875,16415400
2000-02-23,85.43573654489059,86.59719010621514,84.7270530159468,86.02630615234375,12119000
2000-02-24,86.10507949408613,86.32162176076078,83.84122852430562,84.29399871826172,17375000
2000-02-25,85.16017322368168,86.12477065501788,83.8609195406574,83.98887634277344,10559900
2000-02-28,84.01840186841561,86.10508195230784,83.60500298387092,85.75074005126953,13397800
2000-02-29,85.71138355416457,86.57755279541016,85.51452690842694,86.57755279541016,8242500
2000-03-01,86.69563901053057,87.56180797430517,86.43972545305171,87.20746612548828,6868000
2000-03-02,87.36493828633878,87.64053746074364,86.5184551078096,87.26651000976562,7600200
2000-03-03,88.4673670860811,89.27447924685754,88.01459684954797,88.90045166015625,12770300
2000-03-06,88.7035990529069,89.03825532984862,87.40434527183902,88.03428649902344,11967100
2000-03-07,88.1917538532522,88.29018214996341,85.1798479738889,86.33145904541016,20062000
2000-03-08,85.96729194257902,86.83346113091736,85.06175142749804,86.22320556640625,11808500
2000-03-09,86.45936940556199,88.74290466308592,85.75068604977868,88.74290466308594,5500900
2000-03-10,88.30987150343692,89.4516397930489,87.89647263995673,88.27050018310547,7924600
2000-03-13,86.10507533472313,88.48704015308195,85.47513422573567,87.30590057373047,10540500
2000-03-14,87.73897764514808,88.2508047527931,85.7704118465134,86.0656967163086,8263900
2000-03-15,86.22318695845965,88.46735209847435,85.71135982126331,88.07363891601562,10300800
2000-03-16,89.21543010065704,92.50293602007667,88.74297416014166,92.1879653930664,25601400
2000-03-17,92.08670316864104,93.46820107301414,91.8498749564628,92.79718780517578,10272900
2000-03-20,92.75774015937927,93.05377550031345,91.43544896987322,92.32355499267578,12502300
2000-03-21,91.9091319886021,94.5734508244323,91.2578540509547,94.21820831298828,13612600
2000-03-22,94.45500537968417,95.26416861005757,93.90240610040478,94.79051208496094,8260000
2000-03-23,94.19841693421348,96.9219412453221,94.19841693421348,96.4088134765625,11654500
2000-03-24,96.54697032861705,98.36265333561475,95.81674998884624,96.98115539550781,11462900
2000-03-27,96.86272877638648,97.11929264641357,95.87594466089762,95.95488739013672,8798600
2000-03-28,95.52073499610911,96.61606573831656,95.10628552608468,95.4023208618164,6334400
2000-03-29,95.71812261749727,96.30032563135629,94.51424519900917,95.50102996826172,6747500
2000-03-30,94.830005248087,95.94507190709157,92.91564301935351,93.90242767333984,9491900
2000-03-31,94.49449068293012,96.19176014799528,93.74453440766877,94.96814727783203,9249100
2000-04-03,94.81023673065438,95.52072143554688,93.90239516329174,95.52072143554688,8508200
2000-04-04,95.83652057377722,96.62594825560404,89.29413866063736,94.81026458740234,19585500
2000-04-05,93.38930911961887,95.2444644571599,93.23142355897708,94.21820831298828,8387200
2000-04-06,94.88920612749114,95.79704794984235,94.0997784558814,95.03722381591797,6378500
2000-04-07,95.7180952858541,96.073337701348,95.04708183436564,95.63915252685547,6023600
2000-04-10,95.83649507328569,96.69499744883922,94.92865348074632,95.26416015625,9624200
2000-04-11,94.73134335474886,95.75759957442531,93.70508713507242,94.98790740966797,9006400
2000-04-12,94.96813432204115,95.46152654108751,92.30381633919087,92.38275909423828,10779200
2000-04-13,93.1327055397232,93.5668906471345,90.80389450906262,91.09992980957031,12225800
2000-04-14,90.07367509954116,90.19208922105678,84.31085451911478,85.88970947265625,29604000
2000-04-17,85.3766110320286,88.88956451416016,85.06083993251116,88.88956451416016,23918200
2000-04-18,88.77114422909759,91.23810577392578,88.27775192013195,91.23810577392578,11069200
2000-04-19,91.25782033595456,91.65253409173292,90.01447200525276,90.38945007324219,6553700
2000-04-20,90.66582956857032,90.90265803065626,89.91587277196481,90.82371520996094,8537600
2000-04-24,89.3631889195769,90.50785874230999,88.73164694841381,89.83684539794922,12893100
2000-04-25,91.33678418416763,93.5669174194336,91.2183700300827,93.5669174194336,14102000
2000-04-26,93.44848493652343,93.9418771484375,92.2051365625,92.51103973388672,7711100
2000-04-27,90.31057279403896,93.05383538546629,90.31057279403896,92.2052001953125,15595300
2000-04-28,92.83669736994871,93.3794289128215,91.61308443692643,91.63282012939453,8743400
2000-05-01,92.56041142973959,93.77415669688862,92.10649043552125,92.87618255615234,7328300
2000-05-02,91.88938179909407,92.91563778138637,91.02101135253906,91.02101135253906,9411900
2000-05-03,90.94207666102353,90.94207666102353,88.27775800884511,88.88956451416016,12630700
2000-05-04,89.678991553961,89.90595202994483,88.88956381140852,89.56057739257812,5963600
2000-05-05,89.08688456483223,90.94203900636839,89.0079418226392,90.64600372314453,7862400
2000-05-08,90.15264563870637,90.54735949877076,89.58031054161302,89.96515655517578,5064100
2000-05-09,90.35004181758539,90.56713453492777,88.58369652648143,89.24484252929688,5620300
2000-05-10,88.73165517953726,89.02769050598144,86.99491459773137,87.23174285888672,10293900
2000-05-11,88.49488433993145,89.36325519429296,87.86334190039581,89.22510528564453,7091100
2000-05-12,89.5605887682224,90.60658065996233,89.44217459179902,90.19213104248047,5960800
2000-05-15,90.15261485689967,91.95843015011472,89.67895838654819,91.75120544433594,4441300
2000-05-16,92.56034712919438,93.2905673517488,91.770919861568,92.63928985595703,8192200
2000-05-17,92.00779374269418,92.32356480659017,91.2381017744477,91.67228698730469,5907200
2000-05-18,91.96829449122328,92.4024795725123,90.54732513427733,90.54732513427734,4325600
2000-05-19,90.03423812433721,90.45855555521692,88.67247520663022,89.12639617919922,6518400
2000-05-22,89.20536277869726,89.34351267680586,86.52130761544441,88.45540618896484,10839400
2000-05-23,88.6921852360601,88.9290135010429,86.87650187119193,87.15280151367188,7979200
2000-05-24,87.15279155873998,88.85006059724805,86.20547860701454,88.57376098632812,11081500
2000-05-25,88.8500939583027,89.56057893886666,86.97520303737006,87.05414581298828,8278900
2000-05-26,87.66592942113462,88.21852870609449,86.72848420557769,87.15280151367188,4814000
2000-05-30,88.41590319181742,90.27105830343146,88.08039641631277,89.99475860595703,5362700
2000-05-31,90.03424547391596,90.94208749316194,89.73821003285748,90.19213104248047,6056500
2000-06-01,90.7447096170405,91.84990834225891,90.31052440356183,91.77096557617188,8961600
2000-06-02,94.0603325294909,94.1590110151492,93.14262261286872,93.36958312988281,8962200
2000-06-05,93.13273440566019,93.60639103327956,92.75775624212818,92.91564178466797,6998100
2000-06-06,92.59987628498081,93.33009696327242,92.14595532279952,92.5011978149414,4858900
2000-06-07,92.5998694679219,93.46823994034061,92.2051556168225,93.1426010131836,4919500
2000-06-08,93.15245153852737,93.31033704960963,92.24460984980445,92.77747344970703,5723100
2000-06-09,93.15250498377878,93.4485404869052,91.96836297127312,92.58016967773438,3085300
2000-06-12,92.8169661415765,92.8169661415765,91.49467468261719,91.49467468261719,3678900
2000-06-13,91.45519339783374,93.31034837828182,91.33677925014557,93.211669921875,6558700
2000-06-14,93.62614719259439,94.02086113522759,92.95513349011796,93.36958312988281,6420500
2000-06-15,93.54718172708611,93.94189557403584,92.73801834083916,93.5669174194336,5881200
2000-06-16,93.88615289971509,93.88615289971509,92.34314406571218,92.79813385009766,5567900
2000-06-19,92.71898808978128,94.42025392629102,92.58051296355373,93.98504638671875,5106900
2000-06-20,93.80696173967264,94.24216906954882,93.05523998806835,93.6487045288086,6480000
2000-06-21,93.01569670212037,93.96524018185278,92.98602346837873,93.60916137695312,3115000
2000-06-22,93.41133861623608,93.49046723852854,91.78920185924088,92.18484497070312,7490500
2000-06-23,92.30356462486894,92.50138623786694,91.0770706242813,91.39358520507812,4863300
2000-06-26,92.02657793780553,92.58047823493763,91.71006348230146,92.57058715820312,5201300
2000-06-27,92.41233439204254,92.87721502100818,91.79908760489637,91.88810729980469,4159500
2000-06-28,92.18488903709007,93.04541321586979,91.9870673867959,92.14532470703125,5347700
2000-06-29,91.63095064994107,92.2639796699752,90.84955545333644,91.27487182617188,6345700
2000-06-30,91.11659914879523,92.16505328576574,91.08692591850361,91.96723175048828,7420200
2000-07-03,92.06612947440922,93.33218712081278,91.90787226860877,93.2332763671875,1436600
2000-07-05,92.65961187258813,92.83765126346202,91.39355398192937,91.55181121826172,2748200
2000-07-06,91.74970168151333,92.71902798215889,91.29471178529194,92.2640380859375,5963200
2000-07-07,92.85740010570841,94.1828039845074,92.58045004148175,93.74759674072266,3034800
2000-07-10,93.60915288157152,94.26196396464249,93.39154918721452,93.58937072753906,2816100
2000-07-11,93.35199349883537,94.40044775936478,93.15417194024492,93.78720092773438,5431600
2000-07-12,94.49938535570399,95.03350371547037,94.12352428772024,94.40047454833984,5883000
2000-07-13,94.94448676329178,95.19176378892801,94.44004163099385,94.81590270996094,5356000
2000-07-14,95.23126957160383,95.74560546875,94.74660689929301,95.74560546875,5341900
2000-07-17,95.57748837739426,96.21051738041126,95.38955789212359,95.5873794555664,4208300
2000-07-18,95.35002449047583,95.35002449047583,94.53895581742407,94.80601501464844,4262100
2000-07-19,94.61809348016915,94.89504378514978,93.84658905915167,94.0444107055664,8506800
2000-07-20,94.32131119724131,95.34998321533203,94.20261827207699,95.34998321533203,4538900
2000-07-21,94.79606999717322,94.79606999717322,93.49044799804688,93.49044799804688,5656900
2000-07-24,93.76745142412074,94.2323322486918,92.77834328673549,92.95638275146484,5628500
2000-07-25,93.53001715199241,93.58936360957615,92.91677042362697,93.25306701660156,4757100
2000-07-26,93.03544619477704,93.15413908807253,92.19470486726736,92.34307098388672,12062500
2000-07-27,92.38270553759429,92.81791314398126,91.59141898052711,92.02662658691406,7652600
2000-07-28,92.24423209551746,92.36292508127192,89.58353099818804,89.94950103759766,6229500
2000-07-31,90.48356801813298,91.23528983376242,89.92966773293234,90.52313232421875,5265500
2000-08-01,90.91879200210373,91.61116748514847,90.602277495569,91.0770492553711,3946600
2000-08-02,91.07707660543963,92.04640257278683,90.91881930464824,91.53206634521484,7439800
2000-08-03,90.44403689274539,92.30355996096894,90.28577961034338,92.16508483886719,4607100
2000-08-04,92.62006550503021,92.87723356388655,92.04638291219683,92.65962982177734,3686600
2000-08-07,92.87717556048044,93.96519359154037,92.65957195426844,93.76737213134766,4159800
2000-08-08,93.37175238578448,94.20260272481052,93.37175238578448,94.12347412109375,3658700
2000-08-09,94.41031101448347,94.45976638955653,93.29261953783217,93.33218383789062,5383800
2000-08-10,93.3915638689035,93.59927651889788,92.60027758321061,92.87722778320312,4193400
2000-08-11,92.81790778342257,93.68832294592696,92.14531424876009,93.31246185302734,5089400
2000-08-14,93.54981564367469,94.67739853470651,93.09482605606537,94.49935913085938,2966700
2000-08-15,94.53893526030515,94.83566763714227,94.04438129890997,94.42024230957031,5564600
2000-08-16,94.51914605220092,94.9147891918083,93.58938467412361,94.08393859863281,5191600
2000-08-17,94.12352297398333,95.23132400099954,93.90591920081944,95.07306671142578,5652200
2000-08-18,95.19172288102247,95.19172288102247,94.45978319968461,94.75651550292969,4626400
2000-08-21,94.97416446692127,95.409372052481,94.57852120732151,95.2708969116211,2380600
2000-08-22,95.3104543670045,95.78522624429966,95.01372194369502,95.11263275146484,3075300
2000-08-23,94.83567595733774,95.76543748633125,94.49937923408477,95.48848724365234,5483200
2000-08-24,95.68628362208938,95.9038873268326,95.27085836757958,95.78519439697266,4529000
2000-08-25,95.68625901907929,95.98299126743285,95.54778396984763,95.74560546875,2822200
2000-08-28,95.74560837189448,96.7940623478677,95.74560837189448,96.07201385498047,5518700
2000-08-29,95.86435542163073,96.14130568492062,95.52805867335015,96.09185028076172,3561900
2000-08-30,95.78516740785074,95.90386030426691,95.17192077636719,95.17192077636719,3964800
2000-08-31,95.62696546349159,96.91280591759315,95.52805465932992,96.43803405761719,4863100
2000-09-01,97.01168270423763,97.22928639708971,96.22039654841188,96.53691101074219,3191200
2000-09-05,96.14127997745292,96.34899261937952,95.46868666073823,95.76541900634766,3470800
2000-09-06,95.7060707943538,96.19073361668983,94.6576165256269,94.67739868164062,4322200
2000-09-07,95.11262620001666,95.63685344508747,94.84556703743343,95.48848724365234,4265500
2000-09-08,95.1323722438311,95.27084731259941,94.52901658705488,94.83563995361328,3518200
2000-09-11,94.79606193317758,95.70604082485667,94.12346883932783,94.69715118408203,3937500
2000-09-12,94.79610815594093,95.1126227073798,93.9652574584139,94.00482177734375,4769100
2000-09-13,93.68829137534105,94.53892408841953,93.47068765804191,94.25208282470703,7691600
2000-09-14,94.87523386719158,94.914798184901,93.7872151301825,94.72686767578125,3397100
2000-09-15,94.04265642492737,94.08232013493368,92.65442657470703,92.65442657470703,4085700
2000-09-18,92.8924029571342,93.26920817835229,91.5140891216259,91.80165100097656,5109300
2000-09-19,92.09916043143741,92.8527711326421,91.83143031390416,92.6346206665039,6588200
2000-09-20,92.45607528266919,92.67422561044897,90.84969559629076,91.95036315917969,6508100
2000-09-21,91.68267723013318,92.37679224269097,90.51259763753576,90.55226135253906,5972300
2000-09-22,90.5125729074066,92.21811218655579,90.38366586886625,92.19828033447266,7791300
2000-09-25,92.61472774750231,92.69405513743594,91.20666657618055,91.54380798339844,9726300
2000-09-26,91.62316317931848,92.01980024935882,90.3737564086914,90.3737564086914,5302400
2000-09-27,91.10752261764902,91.36533667816914,90.19525748042398,90.8497085571289,7186200
2000-09-28,90.86956586837769,92.86266743314678,90.68116323290201,92.01981353759766,7036400
2000-09-29,92.31728865853385,92.63459835102292,91.14720916748047,91.14720916748047,9333600
2000-10-02,91.56368726837668,91.96032442353535,90.83982446021213,91.28604125976562,5517800
2000-10-03,91.72233635919136,92.49577876308508,90.29444269046449,90.43326568603516,9347200
2000-10-04,90.67122337205247,91.54382482182724,89.95727673132764,91.18685150146484,6148900
2000-10-05,91.00837693464513,91.9206422079059,90.94888137334551,91.5041732788086,4566900
2000-10-06,91.30585531455307,91.79173573488464,88.68805060092993,89.52098846435547,10014900
2000-10-09,89.67968661785126,89.67968661785126,88.45011108262199,88.84674835205078,4508000
2000-10-10,88.90618765229698,89.63996613615488,87.37913513183594,87.37913513183594,6104700
2000-10-11,87.33950075728856,87.97412019966669,85.75295215134327,86.6453857421875,10346000
2000-10-12,87.12134036928275,87.31965892236556,84.26555320489014,84.48370361328125,12336900
2000-10-13,84.36473509161542,87.35934604573715,84.32507137036876,87.29985046386719,11778800
2000-10-16,87.20071367136983,87.7262581135557,86.74458075928396,87.6965103149414,5659000
2000-10-17,87.85513587696875,87.9344633134265,85.29682605120601,85.51497650146484,7831700
2000-10-18,84.16640573284923,86.38757383889991,82.5996889437599,85.19766235351562,10897300
2000-10-19,86.84366902025786,88.49962845464735,86.58585497658046,88.41038513183594,8767300
2000-10-20,87.81547036851546,89.60033765242838,87.81547036851546,88.7872314453125,7373500
2000-10-23,88.80707069076324,89.50118580335295,88.17245115925265,89.18387603759766,5290000
2000-10-24,89.46151474815422,90.07630236890189,88.21210764792505,88.58891296386719,5750700
2000-10-25,88.05347720727303,88.56910567740572,86.38760061145976,86.506591796875,9137600
2000-10-26,87.02219864261384,87.3593402508464,85.05884457114193,86.74455261230469,9345800
2000-10-27,87.4981608383319,88.39059448242188,86.70488648802971,88.39059448242188,9762900
2000-10-30,87.85514139349735,89.54084952407236,87.67665465026,89.18387603759766,10154100
2000-10-31,89.4912350723712,91.18685847374243,88.88636356661887,90.72080993652344,7752400
2000-11-01,90.27459865401885,90.90921797671844,89.62014747748488,90.41342163085938,6753600
2000-11-02,90.84973385283631,91.32569840478307,90.44318079804846,90.56217193603516,11395100
2000-11-03,91.0480485625172,91.22653526194274,90.35393362030676,90.61174774169922,5187100
2000-11-06,90.84971610029685,91.57357871493576,90.77038869047341,91.24635314941406,4042500
2000-11-07,90.83981841128805,91.38519446331522,90.47292906719706,91.2265396118164,5231300
2000-11-08,91.42486529861253,91.42486529861253,89.20369720458984,89.20369720458984,6123300
2000-11-09,88.84671477488284,89.62015715796775,87.10151144894763,88.86654663085938,10635300
2000-11-10,88.21209314735461,88.50957097946124,86.64537656492632,86.70487213134766,8569500
2000-11-13,86.07026521815524,86.9329510561713,84.41430504633128,86.03060150146484,17285300
2000-11-14,87.24033918834867,88.60873732519705,86.94286133251207,88.29142761230469,7668900
2000-11-15,88.25176681470722,88.91613404803142,87.41882879083808,88.56907653808594,8837700
2000-11-16,87.94435830328875,88.76738026057514,87.1411682003948,87.18083190917969,6684100
2000-11-17,87.14116758125179,88.21208771083477,86.14957486867496,86.71478271484375,6551100
2000-11-20,86.14960985648383,86.54624710260023,85.2373441904161,85.47532653808594,5458500
2000-11-21,85.59428851690319,86.42722644964414,84.73160280085007,85.9115982055664,7684300
2000-11-22,85.25716248857675,85.59430409413754,83.84910048888172,83.85901641845703,5736900
2000-11-24,84.80103558908333,85.65380559149926,84.80103558908333,85.57447814941406,3411600
2000-11-27,86.60570993210949,86.74453291574237,85.87193130433572,86.32806396484375,5992000
2000-11-28,85.75295610325311,86.68505345220152,84.81094282506058,84.84069061279297,5336100
2000-11-29,85.27701616845589,86.24877751549178,84.5729849884605,84.68206024169922,6914100
2000-11-30,84.08705753044347,84.72167683256002,82.34185444962294,83.94823455810547,11201600
2000-12-01,84.52335677375694,85.07864865307772,83.13512707545497,83.9085693359375,7587200
2000-12-04,83.69041576971068,84.95965430271103,83.45243354477311,84.62251281738281,6996600
2000-12-05,85.59428050173419,87.73612069964598,85.29680269646866,87.39897918701172,8883400
2000-12-06,87.43861769354358,87.79559095697833,85.69341507230706,86.00080871582031,12888000
2000-12-07,85.59427352951653,86.2288927957224,84.82083129882812,84.82083129882812,6529100
2000-12-08,86.98251093977225,88.50956368540893,84.95966184814965,85.01915740966797,10276300
2000-12-11,87.18083166151675,88.56906146504409,86.76436272045855,87.97410583496094,6405600
2000-12-12,87.69649512697082,88.0931323731353,87.18086670695696,87.59733581542969,5022900
2000-12-13,88.37074576624907,88.46990504112144,86.32806470387841,86.39747619628906,6070500
2000-12-14,86.2289112111464,86.62554833723263,85.05883168919202,85.29681396484375,7678400
2000-12-15,84.74285772892947,84.74285772892947,83.11165718109561,83.3702621459961,9065300
2000-12-18,84.06647608042718,84.96164679117474,83.87749559704713,84.48422241210938,7235400
2000-12-19,84.32508734936984,85.91650206698003,82.76351165771484,82.76351165771484,9616600
2000-12-20,81.87828373672939,82.07721056796537,80.26697640371795,80.36643981933594,9994300
2000-12-21,80.20733264484237,82.0275139288213,79.9089422704196,80.92346954345703,14331500
2000-12-22,82.11701048348002,83.45976683222878,82.01754705023936,83.35035705566406,10182900
2000-12-26,83.29061985849067,84.24546813964844,82.93255175305652,84.24546813964844,4665300
2000-12-27,83.867548503062,85.13073382800138,83.54926558654184,84.8621826171875,4854100
2000-12-28,84.54390078065661,85.22025198690187,84.40465200290024,85.12078857421875,8358700
2000-12-29,85.33961017566844,85.47885895684085,83.50948333740234,83.50948333740234,8774600
2001-01-02,84.02670408024018,84.12616750836547,81.20194272148211,81.99765014648438,8737500
2001-01-03,81.67934491546066,86.57294424551505,81.26159863118772,85.9363784790039,19431600
2001-01-04,85.89661518247334,86.23479083279803,84.66326869305385,85.01139068603516,9219000
2001-01-05,84.96164856732152,85.0611119817061,82.2363510131836,82.2363510131836,12911400
2001-01-08,82.6739827346985,82.87290954589844,81.28149505629885,82.87290954589844,6625300
2001-01-09,83.4199668122256,83.70841071797909,82.3855472881441,82.65409851074219,5702400
2001-01-10,82.1170088408009,84.10627746582031,81.99765272329974,84.10627746582031,8746100
2001-01-11,83.44983775133446,84.97162859471398,83.44983775133446,84.18586730957031,7245100
2001-01-12,84.46435729662578,85.12081603209178,83.56918629371759,84.02671813964844,7244000
2001-01-16,84.02670212707304,84.7826241632541,83.71836550705183,84.56380462646484,8542200
2001-01-17,85.83695348595138,85.96625596513069,84.43451890408357,84.95172882080078,7851400
2001-01-18,84.94177931730967,86.38399922375112,84.62349630347433,85.79716491699219,8107000
2001-01-19,86.69234887205721,86.69234887205721,85.22028971268772,85.30980682373047,7782500
2001-01-22,85.45897784309308,86.43371944325871,85.02133875730442,85.87672424316406,7050900
2001-01-23,85.59823630492293,86.99072446233511,85.39930942529263,86.55308532714844,8463100
2001-01-24,86.73211290899708,87.40846424819568,86.47350798518585,86.81168365478516,6199900
2001-01-25,86.73210615512559,87.36867207186046,86.35414514206427,86.59285736083984,10818300
2001-01-26,86.0358763750036,86.65254970855854,85.58829089097179,86.493408203125,7136800
2001-01-29,86.25469900308504,87.14588757981873,86.17194230909298,86.95492553710938,6705900
2001-01-30,86.76393924053949,87.7951729512552,86.43928439588797,87.71878814697266,7069100
2001-01-31,87.46414795068146,88.29168553660702,86.95490301770371,87.22225952148438,9706900
2001-02-01,87.27320295425324,87.81427822922491,86.73211796605518,87.80154418945312,8239100
2001-02-02,87.46413970444023,87.83972091995405,85.77724416823924,85.80907440185547,8276600
2001-02-05,85.80908363633351,86.53476836005085,85.77725339929182,86.43927764892578,4352900
2001-02-06,86.12738851069591,87.01857709543664,86.07646206110687,86.18467712402344,7106700
2001-02-07,85.7581709096642,86.19103112031277,85.09613684096784,85.73907470703125,5748700
2001-02-08,85.80908264183492,86.1910163422349,84.72692258753158,84.7396469116211,5943300
2001-02-09,84.88605580776495,84.88605580776495,83.55562586465038,83.92483520507812,9913000
2001-02-12,83.83573817896281,84.98155889320176,83.83573817896281,84.88607788085938,5804400
2001-02-13,85.10888697726492,85.40807382606853,84.02672653274635,84.19223022460938,6587600
2001-02-14,84.44044420906077,84.44044420906077,83.17368456266796,84.06487274169922,8400100
2001-02-15,84.56140153696495,84.99427134717828,84.0203264157278,84.87968444824219,5929800
2001-02-16,83.39011442220088,83.57471421847787,82.30795457463364,83.00817108154297,6434900
2001-02-20,83.41562569406562,83.47928619563301,81.54412933466756,81.72872924804688,5760000
2001-02-21,81.41680107141222,82.01516987285615,79.88904153683526,79.9654312133789,10910800
2001-02-22,80.43013394604121,80.55108307146213,78.31036745180458,80.08638763427734,21281600
2001-02-23,79.62164720868999,79.91446687837366,77.5337122724333,79.54525756835938,20173000
2001-02-26,80.07998340301317,81.23853302001953,79.25244588088927,81.23853302001953,11503700
2001-02-27,80.71657566151777,81.37860006804199,79.895404888682,80.48741149902344,11415000
2001-02-28,80.68472246484046,80.74201106086063,78.46947114309766,78.90233612060547,14825800
2001-03-01,78.96600797476535,79.31611633300781,77.50190434833245,79.31611633300781,14672000
2001-03-02,77.97931697137541,79.98450037910462,77.85200574345471,78.68590545654297,12564300
2001-03-05,79.02967889759529,79.43071377501823,78.8132439074366,79.4052505493164,5293200
2001-03-06,80.43011042340308,81.32130376475034,79.88266329328746,80.25823974609375,6917000
2001-03-07,80.78021217420302,80.86933101001132,80.05452745027112,80.83113861083984,6371700
2001-03-08,80.58927097907555,80.99667291320246,80.29645114246021,80.9202880859375,6055000
2001-03-09,80.27099978431859,80.27099978431859,78.36766813656276,78.52680969238281,10020300
2001-03-12,77.87744634971298,77.97929919411936,74.95561208251065,75.16567993164062,13972900
2001-03-13,76.00597461831754,76.66800378229092,74.8155945557001,76.40064239501953,12888000
2001-03-14,74.51004444352749,75.93595077442329,73.68250678750228,74.89198303222656,19883400
2001-03-15,75.40121768102935,75.6622119923271,74.7073632845558,74.91106414794922,10370300
2001-03-16,74.7617040059608,74.93404226235462,73.28089520765522,73.40855407714844,58514600
2001-03-19,73.88728268091016,75.11916308425488,73.2872980158512,74.90214538574219,10067800
2001-03-20,75.25320986930447,75.6106450962574,72.8341281847429,72.89157104492188,15083900
2001-03-21,72.87879356929804,73.56813697698352,71.42351628842124,71.6532974243164,19004600
2001-03-22,71.50014560887868,71.8703492922975,68.95979314887553,70.92569732666016,28624800
2001-03-23,72.28517295393046,73.18514963014461,71.16818352638629,73.07025909423828,12861700
2001-03-26,73.8489684655518,74.21278774471115,73.2553680764299,74.00215911865234,9943800
2001-03-27,73.79790060966499,75.73188732001012,73.58088297959627,75.5148696899414,12880700
2001-03-28,74.61489684271724,74.64680790545079,73.33833746087328,73.42769622802734,10953300
2001-03-29,73.21070234735838,74.35960811154983,71.57670736689867,73.70856475830078,12060300
2001-03-30,73.75326472843577,74.48090362548828,73.08306870077082,74.48090362548828,9183600
2001-04-02,74.23196288537484,74.92130155597125,72.63626295120677,72.89157104492188,10561000
2001-04-03,72.75114413841995,72.85965055119375,70.24908326406293,70.459716796875,12836000
2001-04-04,70.57463926245921,71.55120715808103,69.76402557704431,70.75335693359375,14884300
2001-04-05,72.31710006049376,73.71492944872304,71.8064742954067,73.43408966064453,21522800
2001-04-06,72.75750258283037,73.0191996006735,71.52562255107082,72.31709289550781,14937800
2001-04-09,72.76393310214279,73.39582905241112,71.98523058277634,73.12136840820312,9034300
2001-04-10,73.68940641531427,75.15745201182847,73.5106888372389,74.4553451538086,17873600
2001-04-11,75.8148949828528,75.94893319382612,74.12983623106,74.50642395019531,12722300
2001-04-12,74.23191757042913,75.91697528269034,74.01489997962221,75.85952758789062,9233200
2001-04-16,75.5021058327697,75.88507267647563,74.6212816052773,75.06169128417969,7350000
2001-04-17,74.87663539428628,76.37659749341938,74.69153358482538,76.12128448486328,10924700
2001-04-18,77.27013886439794,80.4232421382781,77.03397849217929,79.14668273925781,32481600
2001-04-19,79.30623672787446,80.32109890871315,78.87859058386144,80.1998291015625,13809900
2001-04-20,79.72116377455441,80.04030373772741,78.92969802939838,79.46585083007812,7626700
2001-04-23,78.92329993380231,79.07648572556948,77.81269442153535,78.02332305908203,8451800
2001-04-24,78.2020227279836,78.92328186893737,77.29566676875953,77.60204315185547,10044700
2001-04-25,77.49995340302057,78.93608334690484,77.19996103559215,78.616943359375,8249000
2001-04-26,78.97434833278764,79.92538370913842,78.82754186115292,78.96796417236328,10590400
2001-04-27,79.7339007116071,80.32111687981693,79.27433853833412,80.28282165527344,7938700
2001-04-30,80.7104851443169,81.23387442691644,79.57434778962684,80.84452819824219,10766900
2001-05-01,79.8296788085787,81.15730236738186,79.52968643167041,81.09347534179688,10578000
2001-05-02,81.32325060481982,81.50196821131318,80.42327353966307,80.94666290283203,9572900
2001-05-03,80.50622254477616,80.51899086671112,79.28711076313999,79.91900634765625,9926200
2001-05-04,78.92329999157074,81.28493335599006,78.78926181496529,81.27854919433594,12145300
2001-05-07,80.97217412462246,81.30407747102018,80.57005961211763,80.5764389038086,7185200
2001-05-08,80.97214675809984,81.12533249161143,80.14238136801264,80.53811645507812,6952600
2001-05-09,79.94451629912497,80.77428168962528,79.82324162228764,80.1998291015625,9507400
2001-05-10,81.22750578074613,81.380691601424,80.27646517271779,80.43603515625,6872400
2001-05-11,80.42326661103274,80.73602239545158,79.40201975498921,79.88072967529297,7734400
2001-05-14,79.72117371772559,80.06584550530413,79.44032895680458,80.04031372070312,7914000
2001-05-15,80.13604663924228,80.74241062093084,79.68924776932865,80.41050720214844,9782200
2001-05-16,79.6828375747151,82.46573753187295,79.54242012743902,82.30616760253906,14909000
2001-05-17,82.3380998098529,83.02744320954442,82.05725512041813,82.433837890625,11824600
2001-05-18,82.3955294996578,82.81041717529297,81.76363878872068,82.81041717529297,6683100
2001-05-21,82.87421086186154,84.15076990682937,82.43379643304803,84.02949523925781,11531500
2001-05-22,84.14443762000998,84.31038688237925,83.65934841813042,83.92103576660156,8342700
2001-05-23,83.64655553933946,83.64655553933946,82.49765014648438,82.49765014648438,12330800
2001-05-24,82.63809962391767,82.97638719255241,82.05088328328038,82.74022674560547,7902800
2001-05-25,82.75299036153612,82.78490630642591,81.6360053357358,81.76366424560547,7425000
2001-05-29,81.8402408529226,81.92322034769829,80.99771166931849,81.11260223388672,9003900
2001-05-30,80.79984770750363,81.11898764764484,79.78498503530527,79.97647094726562,10041800
2001-05-31,80.05946158980804,80.90837516908437,79.95095515718505,80.39136505126953,9874200
2001-06-01,80.55092872324657,81.12538165918141,79.8615900698144,80.88922119140625,8848300
2001-06-04,80.93388238002963,81.335996909846,80.47432013470319,81.27854919433594,5623500
2001-06-05,81.37428417391598,82.48488957826845,81.23386184940362,82.21043395996094,9115400
2001-06-06,82.22958788587384,82.22958788587384,81.29131579977494,81.52748107910156,12064900
2001-06-07,81.09347478642252,81.92324072241425,81.06155883900365,81.82111358642578,7355300
2001-06-08,81.50833263099156,81.61684390343817,80.51261765097532,81.06153869628906,8170600
2001-06-11,80.87642684421259,81.05514439573886,80.0466660878852,80.48707580566406,7012200
2001-06-12,79.69564383792343,80.8956085247108,79.17225441531838,80.34668731689453,9364400
2001-06-13,80.53177371939209,80.79347081553458,79.56159041519841,79.65733337402344,7629400
2001-06-14,79.2615825487234,79.33817787470915,77.71056250275159,77.87013244628906,12603000
2001-06-15,77.39389654114363,78.34763681922156,77.06744669107592,77.9955825805664,16821100
2001-06-18,77.86759484716966,78.37327072425619,77.39392568875606,77.61795806884766,11368300
2001-06-19,78.33486060681003,78.66131057532948,77.38111998266918,77.95720672607422,7732300
2001-06-20,77.57314271587843,78.64210058109083,77.51553160556772,78.36685943603516,8787200
2001-06-21,78.23247805169224,79.57027539254555,78.18767155902111,79.25662994384766,12259100
2001-06-22,79.0453492900817,79.1093578288469,78.1940264457815,78.63568878173828,12212000
2001-06-25,78.91095410642284,79.01337170670345,77.77158516277086,77.91240692138672,8406800
2001-06-26,77.38749557399169,78.34123586871814,77.17626302711129,77.80355834960938,8005800
2001-06-27,77.83557447199176,78.24523500472287,77.39391210974217,77.7587661743164,10105100
2001-06-28,78.09161444294647,79.3334006943618,78.04680797426337,78.18762969970703,10269300
2001-06-29,78.60370711353143,79.37822186336774,78.25805505530421,78.4756851196289,9824200
2001-07-02,78.60366397682273,79.57660617884477,78.48844668731013,79.45498657226562,8522200
2001-07-03,79.35900560473146,79.4358139038086,78.76371686918942,79.4358139038086,3303100
2001-07-05,78.77650395627676,79.14776028724309,77.87397240248684,77.88677215576172,5517900
2001-07-06,77.64993476947542,77.76515208244778,76.20332336425781,76.20332336425781,11665900
2001-07-09,76.4849729909592,77.15707489479958,76.29934479957912,76.61939239501953,8339300
2001-07-10,76.99706263372296,77.22109500739079,75.66566326515498,75.69766998291016,8630700
2001-07-11,75.59519592683358,76.10087141170459,74.94869880269015,75.77442169189453,15328600
2001-07-12,76.4913880197041,77.75237653662538,76.3697683504966,77.57315063476562,12002800
2001-07-13,77.34910496242598,78.29644804807208,77.20828811452068,78.2452392578125,10433800
2001-07-16,77.94441447623093,78.27086449664633,76.99707602184556,77.26591491699219,6915300
2001-07-17,76.93942598725191,78.05959236741968,76.70259393519494,77.98918151855469,7469800
2001-07-18,77.16988571124712,77.86118978853794,76.84983806993166,77.45793151855469,7709300
2001-07-19,78.20686261167657,78.71894092728856,77.29792824082902,78.1364517211914,10082900
2001-07-20,77.54752891824995,78.05320467615915,77.40030488400764,77.66914367675781,6705800
2001-07-23,77.96362680809217,78.01483073197379,76.13935089111328,76.13935089111328,8065200
2001-07-24,76.17133346398724,76.29935055841024,74.73111917580262,75.4032211303711,12269000
2001-07-25,75.48000867505877,76.47856029438454,75.1855655320325,76.23532104492188,12088500
2001-07-26,76.20972288204469,77.35549372471424,75.88967532432262,77.03544616699219,12898200
2001-07-27,77.34269965756293,77.67554699330873,76.75381328010732,77.32989501953125,8478800
2001-07-30,77.5731112092854,77.67552386535274,77.00342707496273,77.35547637939453,8547700
2001-07-31,77.45154284466206,78.5269033042932,77.3235257189961,77.67557525634766,11918100
2001-08-01,78.07244299671626,78.53970994150387,77.80360407915018,78.16205596923828,11940800
2001-08-02,78.87893169511638,78.89173145004293,78.0212016088766,78.48207092285156,11070100
2001-08-03,78.3220461995841,78.3220461995841,77.38750782777123,78.05320739746094,10816300
2001-08-06,77.67558394352439,77.77800156234372,76.87546460977663,77.00348663330078,8550100
2001-08-07,76.98425838524972,77.57954720033543,76.75382857368898,77.30430603027344,8865100
2001-08-08,76.88823730753845,77.55393690264937,75.80647485504082,75.8704833984375,15183800
2001-08-09,75.97929561216714,76.15212404486545,75.44161800719164,76.09451293945312,14118500
2001-08-10,76.04331120342795,76.70900590944927,75.10876792018134,76.3569564819336,11173300
2001-08-13,76.55540083860456,76.71542467183053,76.04972493958564,76.37617492675781,7431600
2001-08-14,76.9010389545924,77.03545836409383,76.04331370819109,76.34415435791016,13178100
2001-08-15,76.31854265020237,76.56177703563739,75.5824322918235,75.68484497070312,8520600
2001-08-16,75.40322377627449,76.01131232143022,74.89114561353546,75.94730377197266,10734700
2001-08-17,75.30720392565993,75.44802565601698,74.25744815113879,74.73111724853516,11604600
2001-08-20,74.76314967980753,75.46725369024863,74.60312581909179,75.42244720458984,10417400
2001-08-21,75.40327883832126,75.87694831044394,74.12308738017347,74.1358871459961,14480800
2001-08-22,74.7311375732696,75.16640263841698,74.11024425703316,74.90396118164062,11752300
2001-08-23,74.86551302828997,75.22396467711764,74.56466758722213,74.63507843017578,8744100
2001-08-24,75.02553452960778,76.25451576027203,74.72468909757764,76.1841049194336,11687700
2001-08-27,76.1521558896496,76.29937510724898,75.69768870962523,75.72969055175781,7425100
2001-08-28,75.7104590751792,75.84487848044533,74.62229919433594,74.62229919433594,12046600
2001-08-29,74.97435308298935,75.00635979814027,73.71976700899113,73.95660400390625,16180000
2001-08-30,73.51493604409441,74.08462040699,71.71627001406719,72.53559112548828,17692600
2001-08-31,72.58681537803716,73.46374290274629,72.41398689468012,73.06688690185547,15985400
2001-09-04,72.87485055548734,74.35987148930424,72.5676075394092,72.599609375,24473400
2001-09-05,72.77886199951172,73.09251233480789,71.65869478827491,72.77886199951172,21477100
2001-09-06,72.10672530291967,72.52278815989408,70.9033432006836,70.9033432006836,21653000
2001-09-07,70.42327689648495,71.21059619872018,69.53354489421329,69.59115600585938,33133900
2001-09-10,68.93823189830121,70.63448468287358,68.93823189830121,70.44245910644531,23408700
2001-09-17,64.64961622610511,68.10613133767396,64.00952101594567,66.76193237304688,32388700
2001-09-18,66.78113169283813,67.40202480244322,66.16023858323302,66.6019058227539,22029200
2001-09-19,66.63391917769098,66.88995827218717,63.08779066029861,65.2577133178711,42771800
2001-09-20,64.2655855281541,65.16811759247321,63.0878073355788,63.18382263183594,36210900
2001-09-21,60.57462955239583,63.600790492447786,60.26623367035434,62.50212097167969,49782100
2001-09-24,64.06981841070039,64.99501590169992,63.64576792670415,64.699462890625,25549600
2001-09-25,64.73159488237461,65.53471640696984,64.18547322602282,65.37409210205078,25466200
2001-09-26,65.7595961832289,65.79172300824642,64.52600257165393,65.1427993774414,18587500
2001-09-27,65.05282322669164,65.72102071521903,64.24970195228804,65.70816802978516,20536800
2001-09-28,66.16438660407725,70.43056908947484,65.85598568502377,67.10243225097656,21687200
2001-10-01,66.75547370468314,67.02532140739045,66.0680017562437,66.99319458007812,20457400
2001-10-02,66.81967733399274,67.83482360839844,66.59480440026043,67.83482360839844,19833100
2001-10-03,67.20520903976906,69.31259916241204,67.04458473283756,68.97207641601562,32045800
2001-10-04,69.57598277901282,70.01288082243919,68.58653706590422,69.02986145019531,32674100
2001-10-05,68.90778338738703,69.14550897353354,67.79626174096248,68.89493560791016,29796100
2001-10-08,68.2781398718133,68.93991576212132,68.0211450466063,68.4451904296875,12970300
2001-10-09,68.49659583385213,68.58654500892796,67.84767258349443,68.07897186279297,15976300
2001-10-10,67.97620047545077,69.74306763911277,67.7962971557665,69.59529113769531,19987400
2001-10-11,70.00002090316372,70.86739546133269,70.00002090316372,70.67464447021484,23006300
2001-10-12,70.12853588439954,70.6039822061427,68.9399176291105,70.35340881347656,31360500
2001-10-15,69.79444547628766,70.32129280610457,69.42822239216936,70.22492218017578,16873000
2001-10-16,70.54617231190062,71.0665933114687,70.00004594233656,70.66824340820312,15877100
2001-10-17,71.36216471493364,71.41356566803447,69.16482543945312,69.16482543945312,28542300
2001-10-18,69.27404391293472,69.49249549730636,68.58657214465536,69.01704406738281,16510000
2001-10-19,68.74720336668449,69.3318781968103,68.11113248375788,68.97207641601562,21912500
2001-10-22,68.93994229019717,70.39840858209887,68.8821150009702,70.33415985107422,17540600
2001-10-23,70.64896887822741,70.85456772025097,69.63382245117103,69.97434997558594,22062500
2001-10-24,70.01933952053223,70.32130905465426,69.53104032825968,69.78804016113281,16065200
2001-10-25,69.03629372290274,71.06016004904995,68.580121487158,71.04088592529297,27467900
2001-10-26,70.64252343524281,71.82472013362988,70.46262510984648,70.8802490234375,18623300
2001-10-29,70.77745619842824,71.02802958078688,69.03628540039062,69.03628540039062,18727500
2001-10-30,68.97205716803023,69.19693015460622,67.82198686312621,68.20748901367188,26178600
2001-10-31,68.68291129576055,69.29970765704857,67.97616577148438,67.97616577148438,28124200
2001-11-01,68.49015966017899,70.03857934087493,67.9119115449427,69.71733093261719,29806800
2001-11-02,69.67238138939598,70.27632528069127,69.3061582684486,70.19280242919922,17575900
2001-11-05,70.7517982658068,71.3750164748485,70.64257000892201,71.1115951538086,15929500
2001-11-06,70.89955379287572,72.2680757489813,70.57830524383517,72.2166748046875,23245800
2001-11-07,71.81190712142057,72.67928222950624,71.72838425330863,72.12030792236328,19716000
2001-11-08,72.51863837355523,73.29605915767816,71.89541549737605,72.34516143798828,22563500
2001-11-09,72.12027452350803,72.57644671846222,71.59985362115478,72.42224884033203,15895800
2001-11-12,71.31716414251271,72.37728513040912,70.67466716825584,71.97893524169922,26068800
2001-11-13,72.88486561485406,73.59803771972656,72.71781501232502,73.59803771972656,15296200
2001-11-14,73.99637874383346,74.14415521151253,73.05833370660241,73.66870880126953,17571300
2001-11-15,73.48237853653549,74.00279950169136,73.19967830762971,73.80362701416016,19470200
2001-11-16,73.9385507402253,73.95139852250261,72.85915566000803,73.4759521484375,18134900
2001-11-19,73.83574505210336,74.43326738525192,73.5337707146604,74.38186645507812,13625400
2001-11-20,74.12486713111458,74.40114098678491,73.65584224986509,73.7586441040039,16209700
2001-11-21,73.5659109034711,73.6751342235618,72.92984020791917,73.2703628540039,11470200
2001-11-23,73.27037881110375,74.36904839791619,73.24467833574468,74.3240737915039,6717100
2001-11-26,74.36903813295494,74.74810906298424,73.93213991588334,74.48468780517578,13726000
2001-11-27,74.2855052594331,75.10790063906248,73.3024807271735,74.1634292602539,19261400
2001-11-28,73.72013002754652,73.99640402963496,72.76281053736949,72.82063293457031,20195500
2001-11-29,73.026206286532,73.83574892080496,72.60215594317333,73.80362701416016,16354700
2001-11-30,73.50163682152093,73.82931157060676,73.257484893948,73.27676391601562,13680300
2001-12-03,73.019795557399,73.29606950330303,72.608597810267,72.83989715576172,15220400
2001-12-04,73.19324097870717,74.07988978105084,72.82701796526236,74.0734634399414,17239900
2001-12-05,74.27907564000849,75.81464301745018,74.24694883052712,75.42914581298828,25204000
2001-12-06,75.39060974121094,75.77611193487246,75.12718847086386,75.39060974121094,17972900
2001-12-07,75.10788630276804,75.22995737678366,74.3368871051334,74.88943481445312,18857800
2001-12-10,74.43331772294991,74.7802668834638,73.46957168881107,73.48884582519531,13862700
2001-12-11,73.82289900868705,74.34974630071713,73.18040207197411,73.34102630615234,20833300
2001-12-12,73.59800690209273,73.7457784140256,72.67280998547841,73.42453002929688,16171500
2001-12-13,72.89125429405199,73.05187848147992,71.98533642592625,71.99818420410156,19026700
2001-12-14,72.17166681635189,72.91696055637425,71.95964169562336,72.68566131591797,16721900
2001-12-17,72.59571142517032,73.47593379814951,72.53788906656911,73.43738555908203,13925900
2001-12-18,73.64942785814807,73.98352903644499,73.4631031436869,73.87430572509766,13663700
2001-12-19,73.30247423526231,74.47824482319437,73.24465186300141,74.39472198486328,20143400
2001-12-20,74.20841402757162,74.40116511566148,73.59804375172673,73.66229248046875,14867900
2001-12-21,74.16063229679436,74.18642116247669,73.62552440101308,74.10905456542969,14037700
2001-12-24,74.03170909884487,74.16709698428248,73.88987276589377,73.96723937988281,5728800
2001-12-26,73.91567920755115,74.92142083485982,73.91567920755115,74.37342071533203,10304800
2001-12-27,74.33472558040721,74.83759629747092,74.30248826009307,74.82469940185547,9407300
2001-12-28,74.97296871082177,75.26953330533259,74.73442537842845,74.78600311279297,10593800
2001-12-31,74.88267824033956,75.03740645880643,73.6448426551619,73.68997192382812,14619500
2002-01-02,74.21220313437418,74.62481510951645,73.3740822930849,74.48297882080078,18651900
2002-01-03,74.56036247105101,75.39847858538953,74.48944431046617,75.32756042480469,15743000
2002-01-04,75.5403080143017,76.06252395993646,75.14059287517388,75.83042907714844,20140700
2002-01-07,75.88200700709284,76.06897261520399,75.14704146829656,75.29532623291016,13106500
2002-01-08,75.29530466241977,75.46937332701563,74.76664530493301,75.12123107910156,12683700
2002-01-09,75.2244065355169,75.93358319123604,74.36049667152461,74.50878143310547,16610300
2002-01-10,74.58615012713426,75.01165416499886,74.33471480504979,74.83758544921875,12823400
2002-01-11,74.92139869869409,74.96652799123372,73.94788976679773,74.10262298583984,13708400
2002-01-14,73.9156825487716,74.03817357383627,73.47083300024936,73.63845825195312,12301100
2002-01-15,73.85121376246119,74.39276546439537,73.43215308716886,74.238037109375,20219900
2002-01-16,73.68996967206253,73.75443935122694,72.65199160573576,72.73580169677734,17067000
2002-01-17,73.34183964051891,73.65129611921294,73.10974482213736,73.2838134765625,17283400
2002-01-18,72.85190897023269,73.39990907166195,72.63915442725919,72.94861602783203,17028000
2002-01-22,73.33540289509614,73.45145032279993,72.22005790001398,72.44570922851562,11689300
2002-01-23,72.61333975370859,73.20647386752663,72.22006813291857,73.00016784667969,12438900
2002-01-24,73.2644880279994,73.65775961066579,73.0581820271517,73.2258071899414,12142800
2002-01-25,72.92924252539926,73.61263023004949,72.87766479557429,73.20646667480469,12810700
2002-01-28,73.43214568788254,73.61911135244212,72.80033051389756,73.40635681152344,10589200
2002-01-29,73.39987760524629,73.58039474539083,70.94999440243394,71.09827423095703,27720800
2002-01-30,71.16919887200156,73.10331969631987,69.88623343577969,72.12336730957031,34711800
2002-01-31,72.30387871551851,73.04529262295053,71.96218485072787,72.96792602539062,19909200
2002-02-01,72.9098960045075,73.04528877278169,72.3167668773146,72.62622833251953,15838500
2002-02-04,72.35548931237287,72.35548931237287,70.55675568155473,70.82108306884766,24243400
2002-02-05,70.53095232739751,71.23368065164361,69.970055422571,70.3826675415039,33614000
2002-02-06,70.69216397751707,70.75018527972415,69.66707670331674,70.0796890258789,29486000
2002-02-07,70.09254079982351,70.82750633361243,69.62835100612025,69.64124298095703,23445400
2002-02-08,70.034505236189,71.40128556584204,69.82175570817267,70.97577667236328,19277800
2002-02-11,70.94999580934122,71.97507741208457,70.80171105915454,71.84613800048828,18792400
2002-02-12,71.53669613797958,72.02022644210872,70.93711836411045,71.6205062866211,13942500
2002-02-13,71.87196460535483,72.55535269935308,71.78814951695637,72.38127899169922,16781100
2002-02-14,72.53594000929398,72.832504451229,71.94280620670301,72.24581909179688,20453800
2002-02-15,72.30390183766747,72.36192311534968,71.37552204495375,71.49156951904297,18366800
2002-02-19,71.01446648314767,71.10472505624006,70.02161726040808,70.11832427978516,15988100
2002-02-20,70.30527450431683,71.2981185913086,69.51228302123174,71.2981185913086,29242800
2002-02-21,70.87263260407715,71.32392548499247,69.79597321766242,69.82176208496094,26288600
2002-02-22,69.85400393695025,70.87909064626876,69.54454732492047,70.68567657470703,26572900
2002-02-25,70.75013658713222,72.08467972541386,70.72434771987999,71.85258483886719,17458700
2002-02-26,71.94930973661752,72.23298242814491,71.28526222574632,71.7043228149414,22346500
2002-02-27,72.18137915823128,72.76161631358742,71.33681474909913,71.98152160644531,28597900
2002-02-28,72.09757294158912,72.69070210197195,71.58180546029426,71.65917205810547,23755400
2002-03-01,72.02665091592868,73.39987475183564,71.89126306608347,73.3289566040039,26273600
2002-03-04,73.43211022164617,74.77954515923,73.2709335112908,74.62481689453125,27184600
2002-03-05,74.35405910530766,75.04389539498504,74.12196419301209,74.38629150390625,22718900
2002-03-06,74.20574130700568,75.52739202945564,74.18640089270906,75.2695083618164,20143200
2002-03-07,75.66280097985448,75.75305955092794,74.50877505687441,75.10835266113281,19330800
2002-03-08,75.67569065698603,76.01094098399113,75.0954584087565,75.42425537109375,19930100
2002-03-11,75.3598255666301,76.01098122755648,75.06326083955611,75.5854721069336,15621800
2002-03-12,74.85049258606293,75.5919067274761,74.74734200881988,75.54032897949219,17153600
2002-03-13,75.19215751423745,75.26952410632894,74.55389911533196,74.81178283691406,17175300
2002-03-14,74.81178888731625,75.06322418354483,74.54745669866794,74.70863342285156,11168100
2002-03-15,74.98081458827042,75.61443429311169,74.93555603792461,75.42047119140625,21220100
2002-03-18,75.71144421709377,76.00885835439338,75.06489045788236,75.43342590332031,17548900
2002-03-19,75.84071929602736,76.12519945085536,75.5303714792563,75.93769836425781,17912000
2002-03-20,75.32352460026281,75.37525009287667,74.47654062317251,74.50886535644531,17114500
2002-03-21,74.54763513034507,74.93556631979581,73.78470165353976,74.54116821289062,25846800
2002-03-22,74.67695360480599,74.96143881608647,74.15970866298935,74.3795394897461,15235400
2002-03-25,74.41182172034658,74.58639388496033,73.25449557970371,73.45492553710938,17499600
2002-03-26,73.39677569185872,74.3666062661491,73.36445096573706,73.8816909790039,19947600
2002-03-27,73.7265286925962,74.36015358417977,73.55196133782084,74.07566833496094,19020300
2002-03-28,74.33426413661026,74.85150402877896,74.03038317189488,74.0433120727539,17532900
2002-04-01,73.85584241170204,74.41834105816689,73.38385596939027,74.07566833496094,17711000
2002-04-02,73.69418243841582,74.32133529485273,73.55840183980892,73.66831970214844,15669500
2002-04-03,73.71358070416613,73.84288945698258,72.51745747576936,73.15107727050781,25658500
2002-04-04,72.80196280215102,73.319207857257,72.56274103373642,72.84722137451172,23549000
2002-04-05,73.18339946255315,73.46787967630326,72.53037898194977,72.86012268066406,19404900
2002-04-08,71.97439790845186,73.08000476136533,71.91621041068505,73.01535034179688,16470100
2002-04-09,73.17693290311325,73.17693290311325,72.36874094444343,72.5045166015625,15122700
2002-04-10,72.47870967338444,73.4097491051445,72.47224275154832,73.32569885253906,17199300
2002-04-11,72.9894560425586,73.09290701541113,71.44419289847463,71.50238037109375,25453700
2002-04-12,71.78040184236866,72.18773389982067,71.14678187070969,72.03902435302734,14950600
2002-04-15,72.16833196375465,72.32350348388474,71.25022188201856,71.48944854736328,17394900
2002-04-16,72.22004977465976,73.26746859462133,72.20065395198122,73.18988037109375,15040900
2002-04-17,73.31270909003764,73.49374330083799,72.80193117652964,73.0346908569336,12920100
2002-04-18,72.99592145499278,73.35798998687608,71.86445236004369,72.71790313720703,25204800
2002-04-19,73.18988345550788,73.21574619777367,72.77608944488276,72.98298645019531,10499200
2002-04-22,72.65972149986113,72.69205116620445,71.6640279568241,71.7674789428711,13922900
2002-04-23,71.82565826624979,72.07781878289988,71.23082996247297,71.45712280273438,16967000
2002-04-24,71.48299683690595,72.29118920321618,70.73299688603373,70.73946380615234,18902700
2002-04-25,70.61010820725569,70.95278077817036,70.29329836866822,70.77821350097656,25451500
2002-04-26,70.98512511681432,71.12736770764441,69.36874100795019,69.43339538574219,19769800
2002-04-29,69.78253331549587,69.99589719675812,68.9420116253909,69.0907211303711,17724400
2002-04-30,69.19416656155083,70.24158520660112,68.94847796062862,69.73727416992188,19473500
2002-05-01,69.80842205802884,70.63601022148794,69.05195521481838,70.59075164794922,24575600
2002-05-02,70.53897863174497,71.06269026736575,69.6855282965536,70.31915283203125,15666800
2002-05-03,70.21574186242242,70.31919283842213,69.31056555368116,69.55625915527344,18185500
2002-05-06,69.59502910010612,69.82132187351347,68.08855802843175,68.19200897216797,23630400
2002-05-07,68.5993506745946,68.74159328632786,67.8234881614487,67.95279693603516,21910000
2002-05-08,69.21356755914634,70.7071048550387,69.04546223538648,70.4808120727539,27917400
2002-05-09,70.24802912263634,70.53897618459,69.55621716987423,69.66613006591797,18085600
2002-05-10,69.80839088093838,69.86011635125712,68.27605711922891,68.35364532470703,18958900
2002-05-13,68.67695192710654,69.79548734462585,68.39893356947314,69.74376678466797,14677700
2002-05-14,70.87524458741764,71.3601600417937,70.47437936932,71.26317596435547,34201200
2002-05-15,70.79764436625958,71.7092876340691,70.66186865393323,70.98514556884766,29535300
2002-05-16,70.92695556178619,71.43127170970062,70.68773379364687,71.35368347167969,28092000
2002-05-17,71.54762544952321,71.92908971486773,71.18555207057848,71.70279693603516,27823700
2002-05-20,71.53471838115534,71.56704804714799,70.79118045865475,70.92695617675781,13833800
2002-05-21,71.19203872605192,71.43126540589391,70.03470684164985,70.2803955078125,16877200
2002-05-22,69.97004267738447,70.55194199789021,69.82780007317047,70.43556213378906,15844200
2002-05-23,70.64244424544096,71.3536521839259,70.1381332514755,71.185546875,13879800
2002-05-24,71.10799611633952,71.2502338228217,70.22221554705581,70.27394104003906,11877000
2002-05-28,70.50669274402121,70.55841329826163,69.47220273418975,69.89246368408203,24236900
2002-05-29,69.58213356510328,69.84075118283313,69.26531859759892,69.37523651123047,14773300
2002-05-30,68.89030431034413,69.51099532088166,68.4700433846055,69.1812515258789,18217900
2002-05-31,69.43987382998866,70.18987361593462,69.08426729388475,69.32349395751953,19826300
2002-06-03,69.2394261813309,69.56916991530613,67.32562801983411,67.48080444335938,26056300
2002-06-04,67.33859029813314,68.01746893976107,66.95065894108649,67.64893341064453,25856200
2002-06-05,67.85581912266667,68.32133864644736,67.4678878304541,68.28254699707031,19695900
2002-06-06,68.23724245591356,68.27603407915603,66.69198031448666,66.89241027832031,22998500
2002-06-07,65.80625031041909,67.18987515998035,65.76745865777428,66.81487274169922,24011600
2002-06-10,66.75021703762987,67.53901351141094,66.60797440362812,67.07349395751953,18759900
2002-06-11,67.32562761295064,67.59071696859466,65.77390284957792,65.922607421875,19990700
2002-06-12,65.76096008328702,66.47216799204215,65.15966509266062,66.3234634399414,31266000
2002-06-13,66.03254449002087,66.59504812866848,65.52176634447488,65.65754699707031,21043900
2002-06-14,64.85581586408573,65.66400818592037,63.685554960569796,65.56056213378906,39267500
2002-06-17,65.89676949984704,67.46142868738647,65.85151092608564,67.3191909790039,17647200
2002-06-18,67.07349574076336,67.90755080819095,67.00237442187162,67.86875915527344,21628500
2002-06-19,66.91830032235904,67.51959539213333,66.10364137202973,66.28467559814453,21540700
2002-06-20,66.11660483742982,66.62738302305459,65.27608277342654,65.4377212524414,25691000
2002-06-21,65.18660598882288,65.48506103719964,64.02522365596322,64.41451263427734,31190700
2002-06-24,63.9797837533157,65.32932301438137,63.097393078778616,64.75187683105469,37169700
2002-06-25,65.07631864886696,65.45911813558703,63.285583125198,63.29855728149414,33355000
2002-06-26,61.76733097042739,63.681342682110824,61.7608463692571,63.40235137939453,37913600
2002-06-27,63.908426011332146,64.55075296796252,62.65620995341159,64.51182556152344,31616400
2002-06-28,64.38856943855933,65.20607988583663,64.15499502505153,64.20690155029297,28184200
2002-07-01,64.34962654480395,64.75189459356926,62.863836030103236,62.95466995239258,20270200
2002-07-02,62.84434634795234,63.06494151087608,61.4883177256004,61.61808395385742,34213900
2002-07-03,61.3910554132922,62.182607854571245,60.80711922703717,61.968502044677734,30565800
2002-07-05,62.79248487723223,64.57673095690183,62.714630034533585,64.43399047851562,19013500
2002-07-08,64.21986190748805,64.68700564804112,63.29853867871056,63.62943649291992,19118600
2002-07-09,63.40883386113805,63.80460734172108,61.644052324441,62.026851654052734,28620400
2002-07-10,62.28640027337283,62.331817242235694,59.7170868561056,59.76899337768555,50522500
2002-07-11,59.53539430147112,60.567010002326015,58.6010971006393,60.25558090209961,59476500
2002-07-12,60.55404251823933,60.9173781585255,59.379681337896926,59.59379196166992,39018600
2002-07-15,59.45758472454197,59.95068699109284,57.02452116930346,59.9117546081543,77317200
2002-07-16,59.120180476336934,59.937685967974204,58.30915958775171,58.756839752197266,53282400
2002-07-17,59.989576690943565,60.534585158552474,58.231284461653885,58.87361145019531,48880600
2002-07-18,58.84768264653024,59.10721036036779,56.933675038377245,56.96611785888672,32656700
2002-07-19,56.29133795670683,56.803903740790496,54.695249477826856,54.96126174926758,77572600
2002-07-22,54.56549763827081,55.73985953603974,52.84613194712571,53.33274459838867,78134000
2002-07-23,53.559817764261545,54.007497897797855,51.74312911922907,51.87289047241211,74484100
2002-07-24,50.69204600524924,55.227278214295765,50.40008047594652,54.967750549316406,107022800
2002-07-25,54.67580018767642,55.700932118994906,52.943460182905255,54.5006217956543,87176600
2002-07-26,54.92232631230625,55.75281077029417,54.37083319099344,55.538700103759766,41206800
2002-07-29,56.771447506202655,58.614084112081116,56.641686177648005,58.244258880615234,53492900
2002-07-30,57.952310194684976,59.30185018271275,57.56302114623664,59.003395080566406,47532200
2002-07-31,58.711414893511936,59.39916388069776,57.90688366613316,59.14612579345703,44669900
2002-08-01,58.96448534012341,59.26943011263161,57.31000501173997,57.60197067260742,66571900
2002-08-02,57.42029788130688,57.68631519668255,55.55170691872377,56.310821533203125,51772900
2002-08-05,56.11616576384548,56.40164675064514,54.208647665908224,54.351383209228516,47191300
2002-08-06,55.29862542646237,57.030964072696115,55.220765674356116,56.18101119995117,64730000
2002-08-07,57.01152627104291,57.420279017614554,55.64900721564674,57.16075134277344,43289400
2002-08-08,57.36840418710091,59.10723413408994,56.966140771432414,59.009910583496094,48339800
2002-08-09,58.45839046218746,59.652215902733104,57.97177788073183,59.23048400878906,41879200
2002-08-12,58.38702242994622,59.21750714170549,58.101546404078555,58.795780181884766,25841700
2002-08-13,58.49085451490447,59.47056958725638,57.517628998683364,57.725250244140625,49690500
2002-08-14,57.75766481155612,60.09989367119334,57.10884806262789,59.83388137817383,57423600
2002-08-15,60.23615380933628,60.982294174763474,59.82091142250509,60.66437530517578,45551500
2002-08-16,60.22314985881224,61.04066006913454,59.69112050449268,60.4826774597168,36517300
2002-08-19,60.63841529979445,62.12420631106065,60.40484086439405,61.89712142944336,33669900
2002-08-20,61.520797400681495,61.897112263106955,60.742219364699146,61.24180603027344,30508300
2002-08-21,61.67652895618181,62.14367788609642,60.709793223490614,62.12421417236328,39628900
2002-08-22,61.95549155311889,63.03252941223256,61.68298978758801,62.72758483886719,38399800
2002-08-23,62.2928933185501,62.38372726136845,61.08609384958784,61.37805938720703,33716400
2002-08-26,61.57919718180259,62.05283061467061,60.66436323189347,61.80628204345703,33830100
2002-08-27,62.09176381636332,62.44861502510991,60.66436888153534,61.09259033203125,35335700
2002-08-28,60.52162352847631,60.65787444719523,59.56137754414904,59.756019592285156,38970600
2002-08-29,59.21749866075167,60.372396557100174,58.91904356958699,59.7819709777832,42965700
2002-08-30,59.48353924623915,60.593015656728646,59.301871288977324,59.54841995239258,30366700
2002-09-03,58.86713828667677,59.04231660846963,57.19319010030795,57.27753448486328,76586400
2002-09-04,57.49163217726529,58.55569087302375,57.13478111158163,58.09503173828125,51099500
2002-09-05,57.413813154462346,58.02370269947875,56.77148573050551,57.60197067260742,67250900
2002-09-06,58.231327544318304,58.76335730270883,57.965310190082526,58.393531799316406,38622200
2002-09-09,57.80955902973703,59.269396403973204,57.614917016552276,58.82171630859375,33998400
2002-09-10,59.13318503522736,59.5484275476693,58.75686996142649,59.49652099609375,41416600
2002-09-11,59.996107242623076,60.554090244312725,59.10722619340101,59.12668991088867,27711200
2002-09-12,58.880130778658845,58.9385219207481,57.738211704807945,58.03666687011719,43601700
2002-09-13,57.5435712503453,58.32863908903664,57.25809023624662,58.17940902709961,41131000
2002-09-16,57.94584756148016,58.32216262817383,57.394354074129005,58.32216262817383,28167600
2002-09-17,58.97093852028101,59.16558547418034,56.9336548564661,56.98556137084961,47609700
2002-09-18,56.453548002984405,57.42028359500242,55.97990958738632,56.414615631103516,54719400
2002-09-19,55.791747092918065,56.31729199017215,54.95477294921875,54.95477294921875,48510500
2002-09-20,55.34450180473178,55.52698406191799,54.7775040730844,54.973018646240234,46325600
2002-09-23,54.51684255840164,54.784047444921214,53.89118663503368,54.52336120605469,46893800
2002-09-24,53.72825548767033,54.51684279995966,53.34373483077726,53.64352798461914,69507000
2002-09-25,54.334330746088476,55.24674203201956,53.467535052185355,54.973018646240234,59294400
2002-09-26,55.409657802681934,56.02879954152279,55.0381747482843,55.87238693237305,53638000
2002-09-27,55.39664922524075,55.807234364775574,53.930267333984375,53.930267333984375,64648300
2002-09-30,53.44148439154996,53.96286671598542,52.72458742465397,53.304622650146484,73096400
2002-10-01,53.721706448158685,55.89846614896896,53.09605087596887,55.865882873535156,67198100
2002-10-02,55.194609722858445,55.742056513529874,53.83250144598903,54.19095230102539,56749100
2002-10-03,54.18446137997943,55.1359800784179,53.40890639078266,53.64352798461914,55547000
2002-10-04,53.9628514090264,54.04105525491938,51.864295358236525,52.659400939941406,68483700
2002-10-07,52.17712291186166,52.9200893131484,51.19302134576115,51.57101821899414,53188000
2002-10-08,52.01421124229854,52.9917995050493,50.964932775831045,52.379180908203125,79531000
2002-10-09,51.54495260867388,51.942505447309806,50.69119403993257,50.89974594116211,79956400
2002-10-10,50.79545821035674,52.835356076719385,50.228455557384976,52.5485954284668,76749000
2002-10-11,53.506647484109266,55.2206882485618,53.32416519107315,54.849205017089844,82308300
2002-10-14,54.22353507712279,55.29888266002545,54.11926162988323,55.15550231933594,40631900
2002-10-15,56.693583306432686,57.82107028016869,56.60234216084359,57.80803298950195,82320300
2002-10-16,56.9672986104604,57.22147102502616,55.9962245422288,56.40681457519531,62977800
2002-10-17,57.9188061838113,58.19904815033261,57.25404385752009,57.527767181396484,68534100
2002-10-18,57.12368417076022,58.07520185631771,56.65444148259137,57.768890380859375,47448700
2002-10-21,57.43004857156695,58.98115335599447,57.071597584362614,58.766082763671875,45859100
2002-10-22,58.036150050047254,58.66180585021585,57.69073140425088,58.34245681762695,40966800
2002-10-23,57.85367676557614,58.83126512234153,57.14329827968361,58.78564453125,54905800
2002-10-24,59.144075677186464,59.241835474412646,57.41700250042347,57.58645248413086,54987400
2002-10-25,57.48871203684394,58.9094739809005,57.312748320425634,58.78564453125,43672100
2002-10-28,59.40476152248187,59.496002665829494,57.905791357880595,58.40110397338867,39416100
2002-10-29,58.05568985237066,58.32289463488895,56.70010005989295,57.72330856323242,59508200
2002-10-30,57.79501177094961,58.62921953213233,57.50173731412678,58.28380584716797,41688600
2002-10-31,58.43369872591598,58.85080256254332,57.475661641944775,57.69072723388672,41620600
2002-11-01,57.579930204496996,59.18969251745014,57.38441559465344,58.831241607666016,51878900
2002-11-04,59.82839103965071,60.571357564721474,59.241837211365905,59.39173126220703,49080600
2002-11-05,59.20271048816596,60.004334613833585,59.20271048816596,59.86095428466797,37270800
2002-11-06,60.27155961338312,60.65607516442182,59.170142234527205,60.63652420043945,65013100
2002-11-07,59.97174767549737,60.102095692249634,58.79864535833754,59.150577545166016,51572000
2002-11-08,59.00068237904801,59.67847719312439,58.34243852567991,58.42716598510742,37905400
2002-11-11,58.335931166106754,58.36851444672344,57.221481534722756,57.52127456665039,33505100
2002-11-12,57.78197483990964,58.60966388846981,57.592973882178875,57.97748947143555,37724500
2002-11-13,57.56037121424442,58.48581983302232,56.99336848299771,58.0361328125,63891500
2002-11-14,58.70087107238267,59.30697552665566,58.49231926942138,59.131011962890625,31896800
2002-11-15,58.65527165694169,59.66544776882995,58.62268340600246,59.56768798828125,39152100
2002-11-18,60.05647368129814,60.05647368129814,58.88336642015728,58.96809387207031,28934800
2002-11-19,58.6682806107887,59.37214478372035,58.498835695735046,58.889869689941406,32806600
2002-11-20,58.642251624308116,60.23245816342548,58.62269568628661,60.19987487792969,36688400
2002-11-21,60.349743219320615,61.3859887131062,60.23895114574978,61.3208122253418,55128200
2002-11-22,60.92327361049656,61.43813214059047,60.78640694351411,60.8841667175293,32513800
2002-11-25,60.89068293173846,61.43161601706901,60.46054193214497,60.92327117919922,33846400
2002-11-26,60.656087396711655,60.90374127754768,59.71108748367916,59.763221740722656,42284700
2002-11-27,60.29760729822292,61.685785017928346,60.238954422765715,61.444644927978516,37764000
2002-11-29,61.783556203677115,61.88131101417635,61.11227501387811,61.249141693115234,19385700
2002-12-02,62.2201999549435,62.59820172975264,60.753818388916415,61.346885681152344,49911900
2002-12-03,60.77336480441369,60.87112456262771,60.18681122739741,60.52571105957031,34407700
2002-12-04,59.808836881155855,60.70170245590088,59.58725263513935,60.252010345458984,64040800
2002-12-05,60.43450631804444,60.4801269030328,59.37219059688999,59.58726119995117,36724900
2002-12-06,58.733486364928,60.06952025882516,58.64224521987237,59.97827911376953,49824100
2002-12-09,59.352615126866496,59.60678756291661,58.316374421780466,58.32940673828125,36789600
2002-12-10,58.6683148972509,59.3721794815294,58.498869883171565,59.111488342285156,33319900
2002-12-11,58.9290098957508,59.71108336470147,58.75956487057452,59.163631439208984,39201000
2002-12-12,59.437331244684394,59.62633213343708,58.78560609957922,59.15708923339844,34465600
2002-12-13,58.59659712363551,58.96808017466207,58.17948854924264,58.2251091003418,36862200
2002-12-16,58.53794048229727,59.821839553766736,58.43366706577215,59.73059844970703,37098400
2002-12-17,59.54816290477756,59.7892981663509,59.13757264249449,59.20926284790039,32353900
2002-12-18,58.86381631298758,58.91595551918574,58.21860979615763,58.52492141723633,35612600
2002-12-19,58.23165065045247,59.11147875192057,57.74285670827363,58.107826232910156,39264200
2002-12-20,58.41955712760196,58.95659771790822,58.35406534765291,58.93695068359375,31176900
2002-12-23,58.67496204421345,59.25130153755383,58.49158311331465,58.956581115722656,22599300
2002-12-24,58.67496917941969,58.851802453362545,58.452296163878884,58.51778793334961,10937000
2002-12-26,58.74701709213154,59.34300374219451,58.18377882820251,58.54399108886719,17485600
2002-12-27,58.26239518227793,58.47852262483249,57.22760772705078,57.22760772705078,22205700
2002-12-30,57.49611178181495,57.9414628827413,57.12280313814894,57.7056884765625,29968000
2002-12-31,57.6270926084981,57.915262423868946,57.05075797445872,57.784278869628906,34036600
2003-01-02,58.19033512252939,59.79491126065883,57.987309099664685,59.6442756652832,44516300
2003-01-03,59.53951372504178,59.84732572320654,59.27099081574557,59.82767868041992,32222600
2003-01-06,59.75559985934688,61.22918713281742,59.709755121818084,60.882076263427734,40984500
2003-01-07,60.842839143054434,61.15065623884117,60.3843863420102,60.731502532958984,38640400
2003-01-08,60.38436432913256,60.51535293741082,59.63120106752667,59.85387420654297,38702200
2003-01-09,60.135482004841975,61.02618438452169,59.86696415329193,60.78385925292969,34804900
2003-01-10,60.22062326161646,61.32745310079987,60.1223880660589,60.947593688964844,37768900
2003-01-13,61.261974167274516,61.47155095630577,60.54155426727362,60.92795944213867,31649900
2003-01-14,60.70527051159496,61.45188794075523,60.52189149344381,61.12442398071289,30733000
2003-01-15,61.26194471792332,61.28159175171531,60.19441424270517,60.51532745361328,33511800
2003-01-16,60.580831829549936,60.86245103143652,59.89315552361421,60.26646423339844,44812100
2003-01-17,59.591873852754,60.449832592635836,59.041736947824084,59.37575149536133,35618300
2003-01-21,59.51330130294106,59.546044700596404,58.25583591143384,58.45231628417969,36826200
2003-01-22,58.137912474239336,58.81249200224345,57.63362049346962,57.744956970214844,42286500
2003-01-23,58.124841968069035,58.5374446812548,57.60089773192936,58.0986442565918,55919800
2003-01-24,58.020075685849385,58.079021810804555,56.43515094574337,56.57268524169922,68633900
2003-01-27,56.146974096229016,56.84774678718692,55.34141053719715,55.79985809326172,57884400
2003-01-28,56.08148241128244,56.58577976557094,55.75401841379268,56.21247100830078,46929100
2003-01-29,55.9439714902411,57.096646641758916,55.51826711641915,56.63819885253906,53712200
2003-01-30,56.841192986403044,56.900134098929236,55.27591570663189,55.295562744140625,49845900
2003-01-31,55.11219954028791,56.461349801049465,55.11219954028791,56.36310958862305,55317000
2003-02-03,56.415495412236766,56.85429595663152,56.271410458148004,56.47444152832031,39696000
2003-02-04,55.87192179801679,56.160091798025306,55.210447929568886,55.91776657104492,43633400
2003-02-05,56.16005364044412,56.67744715405363,55.32829761014916,55.57061767578125,55270600
2003-02-06,55.25626435479132,55.596824637326634,54.78471550458631,55.30865478515625,53638000
2003-02-07,55.60994835153757,55.66233880296713,54.339386216152796,54.63410186767578,43165000
2003-02-10,54.66030295965631,55.09910362223359,54.129812755546624,55.02051544189453,45455900
2003-02-11,55.25626257111476,55.590272165309,54.24767311777872,54.640628814697266,46861000
2003-02-12,54.463792373169355,54.76505852907721,53.76301490590508,53.76956558227539,35873600
2003-02-13,53.80232407590164,54.13633867971427,53.04915604627443,53.93330764770508,57934100
2003-02-14,53.94641177934846,55.14492601347206,53.58619944329562,55.1121826171875,59580900
2003-02-18,55.361069675981184,56.19283113382855,55.26938014472781,56.08148956298828,39492700
2003-02-19,55.87845174959083,55.97669194012259,55.1973260910619,55.78676223754883,31432000
2003-02-20,55.80643762129974,55.94397195921864,55.04672342183729,55.2301025390625,29280100
2003-02-21,55.26281788584853,56.153520285716844,54.66028537908574,55.78676223754883,60955800
2003-02-24,55.623004821478325,55.66884955653918,54.74539918312581,54.882938385009766,30628600
2003-02-25,54.32626885051076,55.33485844478372,53.84817426807507,55.32176208496094,56770600
2003-02-26,55.02705942127731,55.3610741674877,54.4114303753015,54.51621627807617,37787200
2003-02-27,54.81744943245036,55.5051255530271,54.46379285257315,55.236602783203125,51126000
2003-02-28,55.321778083072296,55.81952484423723,55.11875196853479,55.603397369384766,43666800
2003-03-03,55.83916463437612,56.179725007751586,54.83057487945422,55.07289505004883,42923100
2003-03-04,54.98121278855058,55.02051187287615,54.12980924430549,54.1953010559082,31440500
2003-03-05,54.103602804316786,54.712686047838986,53.93987080333452,54.65373992919922,43974700
2003-03-06,54.27389422785441,54.699593501624484,54.01192198473864,54.1953010559082,41217700
2003-03-07,53.44865849664179,55.00738487171239,53.33077129202619,54.56858444213867,63538000
2003-03-10,54.09705805294227,54.26734075169989,53.11466593940202,53.258750915527344,41014100
2003-03-11,53.36352210494988,53.70408238003009,52.70859427104707,52.73478698730469,48102700
2003-03-12,52.643096452656984,53.114645283244855,51.98816863166333,53.08844757080078,62459800
2003-03-13,53.82196987370741,54.954997230880934,53.39626578008605,54.92224884033203,72117800
2003-03-14,55.14493915395446,55.51824793813619,54.588251317431435,55.09909439086914,63951800
2003-03-17,54.66029848972105,56.945996153928455,54.50311714519143,56.834659576416016,88217500
2003-03-18,57.0769430403278,57.207926565550906,56.50715421253477,57.16863250732422,50792300
2003-03-19,57.162120186106975,57.73846007587816,56.76916435007497,57.60747146606445,49630800
2003-03-20,57.19487744333501,58.020083327759146,56.553045647633134,57.73191833496094,67321600
2003-03-21,58.392094696866245,59.10226498434528,57.82000819890361,58.964176177978516,71165300
2003-03-24,57.87922069534159,57.95813078075813,56.78108167844109,57.00465774536133,65398900
2003-03-25,57.0374744075642,58.03698105876382,56.84020692258794,57.550376892089844,61040100
2003-03-26,57.576692673000544,57.76738812816011,57.07694425621948,57.26106262207031,45740800
2003-03-27,56.81394090055074,57.642478928769684,56.54433530544998,57.3071174621582,53120200
2003-03-28,56.8599423988046,57.39257121659841,56.7152765428979,57.017757415771484,32583000
2003-03-31,56.12347977112243,56.938863441511195,55.49879159935328,55.72236251831055,61119500
2003-04-01,56.05773717605111,56.807365166265434,55.83416620420017,56.57721710205078,53574000
2003-04-02,57.563547721453745,58.37235417586196,57.53724437914419,57.94493865966797,50431200
2003-04-03,58.438136717428954,58.51704175677753,57.63590203837555,57.66877746582031,48755500
2003-04-04,58.148800495264496,58.25400887877984,57.61617145224997,58.010711669921875,36250100
2003-04-07,59.40473802700857,59.740099378836284,57.846303836517436,57.89891052246094,69776200
2003-04-08,58.06329973219578,58.29344770055759,57.67533171394348,57.990966796875,39712700
2003-04-09,58.10276651670191,58.589365914670026,57.05722975081628,57.22819900512695,55647300
2003-04-10,57.26764824062829,57.6227358945542,56.36020535849569,57.54383087158203,41812400
2003-04-11,57.97126330317466,58.32634601270279,57.11642192298115,57.3071174621582,47730100
2003-04-14,57.51750897116588,58.523587824326476,57.20845101928543,58.49070739746094,36711700
2003-04-15,58.418379254376006,59.036495208740234,58.14220170675125,59.036495208740234,49709800
2003-04-16,59.12200391382406,59.22063520482395,57.88577155354788,58.03043746948242,51788000
2003-04-17,58.063309069092604,58.99705527194028,57.990976122140296,58.891841888427734,37403100
2003-04-21,59.08910807537838,59.286380639676786,58.563051248482424,58.951019287109375,32052700
2003-04-22,58.58933478321983,60.20695220628236,58.451246041636836,60.062286376953125,59763600
2003-04-23,60.246429221663526,60.726451428745804,59.99654997488404,60.61466598510742,44227100
2003-04-24,60.18724396750281,60.54890864903349,59.81243012339351,60.07545852661133,49692400
2003-04-25,60.03599543073092,60.14778085190169,59.19430368555169,59.3323974609375,43917200
2003-04-28,59.470510105072904,60.62125523858066,59.378450895740336,60.35822677612305,46432900
2003-04-29,60.588337389575145,61.02233483718887,60.10173829542896,60.56861114501953,52017100
2003-04-30,60.4371223449707,60.87111493975967,60.10833809985655,60.4371223449707,48709100
2003-05-01,60.44372930914139,60.97636350514929,59.50998271805187,60.430580139160156,50240400
2003-05-02,60.20698758797663,61.46294619265022,60.160957980398855,61.29197692871094,50201500
2003-05-05,61.462950164034766,61.66679486550033,60.82510769149263,61.17361831665039,35437800
2003-05-06,61.18016057963814,62.061299770540636,61.15385724331813,61.75224685668945,44401000
2003-05-07,61.43007324525287,61.90352356200922,61.13416930570594,61.41034698486328,41413100
2003-05-08,60.83823922245267,61.37087315226542,60.6804241772877,60.79220962524414,40570700
2003-05-09,61.042056791827804,61.679898744153334,60.89739098612339,61.63386917114258,33608100
2003-05-12,61.48268590558576,62.54794922146051,61.33801995958217,62.39012908935547,35662300
2003-05-13,62.159995840563184,62.58741668756145,61.9824544206256,62.278358459472656,39253600
2003-05-14,62.52817540176547,62.62681166301172,61.75224952264492,62.14678955078125,32195100
2003-05-15,62.39668922636541,62.68602103974787,61.97584568881857,62.54135513305664,43879200
2003-05-16,62.39668645757314,62.7649232823738,61.9824200296724,62.38353729248047,38905000
2003-05-19,61.91007016735041,62.08761144027961,60.71329579682475,60.9237174987793,41606000
2003-05-20,61.03552272600333,61.17361154236739,60.22671106804157,60.798797607421875,55404600
2003-05-21,60.5686299360718,61.07495543185804,60.43711825366862,60.9237174987793,49333800
2003-05-22,61.1209732858289,61.84430245069875,60.94343204699148,61.52866744995117,38421800
2003-05-23,61.50239393814821,61.798302835496656,61.245942570556565,61.65363693237305,26155900
2003-05-27,61.35118476680495,63.02140547748951,61.199941701567425,62.732078552246094,43719200
2003-05-28,63.02792747960806,63.43562167648675,62.75174996729437,62.90956497192383,37727100
2003-05-29,63.047662930731335,63.66577889628778,62.52161116623267,62.745182037353516,50844200
2003-05-30,63.06080744495546,63.84331039080282,62.83723159125013,63.751251220703125,52529500
2003-06-02,64.13266766879723,64.73762960423606,63.56715824575858,64.0143051147461,50305500
2003-06-03,63.88278834783184,64.33650725513525,63.685515767717234,64.27732849121094,38254500
2003-06-04,64.21816803118928,65.32945583315477,64.15898423354588,65.20452117919922,49360700
2003-06-05,64.82312741979962,65.52672576904297,64.61927769948613,65.52672576904297,46262400
2003-06-06,66.01986835828578,66.67743675823513,65.18475368091478,65.2702407836914,60356800
2003-06-09,64.9480353857387,65.16503418425191,64.2904669176497,64.6061019897461,37808500
2003-06-10,64.74419974057433,65.2702565947049,64.566658436994,65.26367950439453,29965900
2003-06-11,65.20450428318482,66.01331084553539,64.90859540534782,65.95413208007812,37610200
2003-06-12,66.25004108164657,66.34867738191245,65.5069903177648,66.1579818725586,36442000
2003-06-13,66.15799376478626,66.25005299042233,65.06642720817045,65.46754455566406,48628300
2003-06-16,65.73054967798265,66.87471751583384,65.62534132191058,66.84841918945312,36326300
2003-06-17,67.11801967807824,67.19035261774955,66.56566452078792,66.84841918945312,36801800
2003-06-18,66.60511958324506,67.16405185200499,66.41442410014345,66.78923797607422,35521000
2003-06-19,66.83527488425655,66.89445866948185,65.65164934825535,65.77001190185547,43551700
2003-06-20,66.25170761098214,66.32430177691847,65.6115618031623,65.62476348876953,41545000
2003-06-23,65.6314090961216,65.7700017253192,64.62169588463844,64.95166778564453,34237500
2003-06-24,64.81967431984779,65.39382214569882,64.687682552145,65.01765441894531,36213600
2003-06-25,65.02427807150264,65.62482949649178,64.36433410644531,64.36433410644531,47743400
2003-06-26,64.5293080747569,65.32124370625779,63.988154325635335,65.20245361328125,33477300
2003-06-27,65.16943225697888,65.45980905999791,64.39729943255486,64.4500961303711,54208800
2003-06-30,64.8197056074882,65.116678416965,64.32474756837784,64.43033599853516,33349000
2003-07-01,64.17951915997833,65.23542797978081,63.63836557514391,65.02424621582031,51322800
2003-07-02,65.1826616416752,65.85580728938795,65.05067486583528,65.84260559082031,34662100
2003-07-03,65.38065505342199,65.89541059282232,64.60852174432151,65.16287231445312,30792800
2003-07-07,65.76341412318938,66.58834404185714,65.76341412318938,66.45635223388672,31391100
2003-07-08,66.32436945487656,66.84572579906687,66.10658673484018,66.75333404541016,30952500
2003-07-09,66.60153762938087,66.91831291890797,66.01418795721217,66.37715911865234,36528500
2003-07-10,65.88877482564517,66.0207665830908,65.09024357423927,65.53240966796875,49777700
2003-07-11,65.59182728781015,66.29136624762246,65.59182728781015,66.15277862548828,39976300
2003-07-14,66.78636590277452,67.24832996666252,66.29140764252182,66.4761962890625,42114900
2003-07-15,66.90511110829142,66.95790782895222,65.96139112511248,66.33096313476562,42573600
2003-07-16,66.52893129136773,66.56853134221068,65.48622393863803,65.94158172607422,39894200
2003-07-17,65.43345838447213,65.91521475687422,64.78011513663796,65.0044937133789,52253500
2003-07-18,65.34766713918727,65.86242780258472,64.97810002851918,65.6710433959961,35698100
2003-07-21,65.63141657521588,65.65781493450122,64.57550737866354,64.85928344726562,34786000
2003-07-22,65.12987733214503,65.60503783496526,64.62171761413931,65.44664764404297,49968300
2003-07-23,65.47302323151158,65.63140833235929,64.85927530138366,65.4928207397461,37275400
2003-07-24,65.98779496554408,66.21877434390173,64.91868897572502,64.99787902832031,40896200
2003-07-25,65.11009000905412,66.18579712384428,64.70092283758237,66.14620208740234,43241100
2003-07-28,66.23858090548238,66.64114714714307,65.77661708580342,65.90200805664062,34382800
2003-07-29,66.08682234203856,66.16601747128023,65.12330426032128,65.59846496582031,53472100
2003-07-30,65.73042781174176,65.82942042840325,65.28826649695718,65.44005584716797,28363300
2003-07-31,65.9811585595595,66.5949062644598,65.44660085853684,65.59178924560547,54937200
2003-08-01,65.45986300033019,65.6842415984866,64.83291302582522,65.01110076904297,49321000
2003-08-04,64.87910891573827,65.33447199843431,64.01458367523362,65.01110076904297,55214100
2003-08-05,64.94511719913984,65.17609668369874,63.579027744087554,63.6318244934082,61415600
2003-08-06,63.80995849465,64.7140781487847,63.63177087458502,64.0013427734375,50096900
2003-08-07,64.12674488909353,64.72069538139966,63.856170519525946,64.67449951171875,43427400
2003-08-08,64.88568180655096,65.03747111369859,64.5161148465007,64.85928344726562,27357300
2003-08-11,64.84607691968341,65.36083226000407,64.56889670684261,65.10345458984375,34631400
2003-08-12,65.14306271065595,65.72381153849814,64.95167837268043,65.69741821289062,43285600
2003-08-13,65.87559524379716,65.89539275380328,65.02426706872993,65.36083984375,36152000
2003-08-14,65.40042151750498,65.82938594166289,64.97145709334706,65.53900909423828,35525100
2003-08-15,65.5720578081315,65.85583402285873,65.41367260583426,65.74364471435547,12567000
2003-08-18,65.94819369932962,66.39035490105948,65.82280274795428,66.31116485595703,22873800
2003-08-19,66.44974618154474,66.61473213985826,65.99438332540842,66.56193542480469,37437700
2003-08-20,66.1857857824664,66.58175118395675,66.09999487321835,66.29137420654297,21295300
2003-08-21,66.68732144804908,66.99749079743609,66.25835698106329,66.50253295898438,46494200
2003-08-22,67.14929682551565,67.1954927005569,65.81621226363053,65.84260559082031,52040300
2003-08-25,65.80302316770769,66.54216234490092,65.51924701382737,65.94821166992188,23473000
2003-08-26,65.6644426396196,66.251792527769,65.22228126943507,66.06700897216797,45065800
2003-08-27,66.02741469383935,66.2319957706111,65.7106392841845,66.08680725097656,18919500
2003-08-28,66.25839899318616,66.65436450802105,65.77004169272229,66.49597930908203,27402400
2003-08-29,66.39697784193274,66.97113103482403,66.31118691953594,66.94473266601562,28706600
2003-09-02,67.07669444562443,67.89502343343202,66.68732997968212,67.84223175048828,49419100
2003-09-03,67.99403214355644,68.43619343226011,67.82904613717686,68.2118148803711,44912400
2003-09-04,68.04023355279637,68.33721140939561,67.81585498267465,68.24481964111328,28381000
2003-09-05,67.93462425851008,68.33719042597528,67.57825396100128,67.86203002929688,31637300
2003-09-08,68.00062516668208,68.55497566752412,67.92803092943285,68.42298889160156,32632800
2003-09-09,68.21836304234665,68.27775554198463,67.76300040524434,67.97418212890625,35053200
2003-09-10,67.66404776826658,67.8422354421859,67.01730556100647,67.28787994384766,45904900
2003-09-11,67.38025405919298,67.81581933928649,67.20866727900726,67.48584747314453,38396300
2003-09-12,67.25491690575694,67.73667335981398,66.88534472411106,67.61128234863281,42524800
2003-09-15,67.65738728057632,67.72998144892736,67.28121978774271,67.37361145019531,21312800
2003-09-16,67.46606378544021,68.39658202036802,67.42646372961178,68.35698699951172,37892600
2003-09-17,68.29099689200682,68.49557788952993,68.00722081400427,68.2249984741211,31885800
2003-09-18,68.23822046675048,69.09614476972827,68.08643110943022,69.0301513671875,30243600
2003-09-19,69.07647843650933,69.2950970717903,68.50012664896694,68.67899322509766,34331600
2003-09-22,68.13575176670865,68.20862463391619,67.59252088207838,67.93701171875,36677400
2003-09-23,67.9635938187362,68.42733130274064,67.81122675796523,68.19546508789062,32489200
2003-09-24,68.31465096624952,68.38089767566368,66.9565706789095,66.98307037353516,41694700
2003-09-25,67.1818378911855,67.49319803437605,66.38023576158568,66.43323516845703,52673100
2003-09-26,66.5392094365934,66.68495522457475,66.1483452729798,66.21459197998047,42914700
2003-09-29,66.44646412718338,66.90356995100494,66.10859934534147,66.86382293701172,36771600
2003-09-30,66.56570913025362,66.75120193157542,65.75085997667597,66.21459197998047,70764500
2003-10-01,66.40674821315378,67.69195627784721,66.38024850463094,67.6257095336914,65797600
2003-10-02,67.52632541873294,67.94368438488463,67.32758016572637,67.87081146240234,44591500
2003-10-03,68.67903841598664,69.0831500788791,68.28817913296392,68.49354553222656,48806900
2003-10-06,68.553123530676,68.8909831682187,68.36762572142109,68.80486297607422,20226500
2003-10-07,68.40742306115598,69.10302135269117,68.17555696397758,69.06990051269531,42602900
2003-10-08,69.11623981955815,69.15598682977165,68.50676207622074,68.89762115478516,30920800
2003-10-09,69.48061523956747,69.70586014278562,68.7850171288214,69.0831298828125,40066500
2003-10-10,69.07651568526659,69.29513443843533,68.8380284732569,69.27526092529297,22682800
2003-10-13,69.36803174720707,69.75226998406907,69.23553824346999,69.49390411376953,23825600
2003-10-14,69.42763066420932,69.84498958936285,69.13613900291408,69.7389907836914,38484400
2003-10-15,70.12984675041336,70.14972026054618,69.32162364300804,69.5534896850586,39021700
2003-10-16,69.34813063361896,70.04373388721773,69.32825712139635,69.83174133300781,32772200
2003-10-17,69.87149762254168,69.97749138655101,68.8844076349526,69.06990051269531,32790300
2003-10-20,69.19577503871491,69.58663940429688,68.85791514214175,69.58663940429688,27657000
2003-10-21,69.44088463442458,69.74562364844677,69.10964591644806,69.4673843383789,26729100
2003-10-22,68.91752327817368,69.02352208849194,68.36104468690719,68.59291076660156,33914500
2003-10-23,68.16229441052442,68.86451878696438,68.12916852117114,68.46703338623047,45830500
2003-10-24,68.12251932639846,68.61937713623047,67.69190821368426,68.61937713623047,51723600
2003-10-27,68.72542268174115,69.01691443409644,68.41405741068945,68.65254974365234,32460200
2003-10-28,68.88441484949496,69.65951233594262,68.7784160200821,69.58663940429688,34956200
2003-10-29,69.40774892902164,69.84498640100503,68.81152336439122,69.67936706542969,30955400
2003-10-30,70.08346948513767,70.20271559333248,69.42761841721637,69.82510375976562,39123100
2003-10-31,69.82511971568621,70.05035960802415,69.70587358024216,69.75887298583984,25761600
2003-11-03,70.05697213950066,70.62670300285151,70.030472441868,70.2159652709961,37589300
2003-11-04,70.21597322297477,70.40146607310997,69.94436013650567,70.06360626220703,31421600
2003-11-05,69.88473397584544,70.2027253265528,69.49387476686663,70.1166000366211,33558800
2003-11-06,69.95758038793085,70.51406377729313,69.62634183964111,70.48756408691406,28392300
2003-11-07,70.64659196464318,70.69959137150077,69.93774132440325,69.96424102783203,31723200
2003-11-10,70.05035275974213,70.11659948311205,69.5667471302707,69.67936706542969,25530800
2003-11-11,69.61972516573714,69.77872332973578,69.42761122926348,69.65947723388672,26558600
2003-11-12,69.71248391456538,70.53395429729376,69.66611070878959,70.44120788574219,28000000
2003-11-13,70.2292316346937,70.5803438532324,70.07685960653272,70.46109771728516,29714800
2003-11-14,70.48757546455634,70.85193489390807,69.75222536431382,69.8648452758789,49158500
2003-11-17,69.50050084590806,69.65286780519125,68.92414373491688,69.51374816894531,44382100
2003-11-18,69.71913367416299,69.8582533486118,68.69891767390263,68.79166412353516,41155000
2003-11-19,68.91752276797655,69.56675284061599,68.8446498499976,69.3746337890625,29827000
2003-11-20,68.89766083848944,69.71913153328218,68.73204146147384,68.75191497802734,53578700
2003-11-21,69.05665482781964,69.11628043247543,68.64592200280073,69.03678131103516,30016000
2003-11-24,69.3547555670459,70.07685345433643,69.34812937832459,69.95098114013672,28906400
2003-11-25,70.04372481783459,70.50083070267152,69.85822693440598,70.2159652709961,37580000
2003-11-26,70.5008637667706,70.52073728574042,69.81851265919147,70.46774291992188,33053600
2003-11-28,70.4080938666178,70.65983850122583,70.3550944641423,70.52071380615234,10507500
2003-12-01,70.78570424052444,71.33556165719403,70.7525834054161,71.28256225585938,38699000
2003-12-02,71.1368119340896,71.39517768139312,70.9314455847716,71.10369110107422,35352000
2003-12-03,71.31567075861722,71.60053615346489,70.93143277406924,70.99105834960938,39078600
2003-12-04,70.99769679156196,71.36206135786136,70.8453298306012,71.28256225585938,36089500
2003-12-05,70.9645925830331,71.4150774913214,70.63335382853587,70.78572082519531,28824400
2003-12-08,70.71282270409444,71.30905326064844,70.67307568509099,71.26268005371094,32482900
2003-12-09,71.48131343971892,71.50118695330005,70.58034375916304,70.71283721923828,43596100
2003-12-10,70.73267902390351,70.87180366520599,70.19607418056265,70.70618438720703,36915400
2003-12-11,70.67308584585423,71.6138024957206,70.6664596569675,71.50118255615234,45304000
2003-12-12,71.52769223953914,71.68005922508908,71.14345409930566,71.64031219482422,34142200
2003-12-15,72.3226514991218,72.36240357727335,71.20306820815848,71.28256225585938,38693400
2003-12-16,71.33555785756663,71.87878905655937,71.22955906054325,71.65354919433594,32894200
2003-12-17,71.58727736504156,71.87876892089844,71.41503694958016,71.87876892089844,23198800
2003-12-18,71.91189183009477,72.69361501682577,71.8058930671418,72.6869888305664,29353100
2003-12-19,72.75090130147821,72.79749362304365,72.27166309212964,72.48465728759766,41465100
2003-12-22,72.41142120523976,72.9905014038086,72.40476371012586,72.9905014038086,27611300
2003-12-23,72.87071512074833,73.1835463963299,72.80415030474386,73.03711700439453,24741200
2003-12-24,72.89732526852262,73.13694435539306,72.83742303589592,72.9638900756836,8055800
2003-12-26,73.0238007466335,73.27007735831508,72.97055092602412,73.01714324951172,8308400
2003-12-29,73.28338236815232,74.0621418992436,73.07038817815688,73.98892974853516,22483700
2003-12-30,73.94235097197347,74.0621605514057,73.78260655879161,74.00225830078125,19559500
2003-12-31,74.02885180428915,74.22853096649332,73.77591775604355,74.06878662109375,31501800
2004-01-02,74.37499394923455,74.67452042479134,73.70273391011887,74.03553771972656,38072300
2004-01-05,74.341721377632,74.89417187755244,74.27515654889972,74.84092712402344,27959800
2004-01-06,74.65450661366229,75.03390251770696,74.54800702324556,74.91409301757812,20472800
2004-01-07,74.8076549442762,75.25361091996751,74.47485106781684,75.16708374023438,30170400
2004-01-08,75.3800484767353,75.48654811299366,75.06055464614236,75.4665756225586,36438400
2004-01-09,75.10050139451347,75.54645723608601,74.72775771181442,74.80763244628906,54084300
2004-01-12,74.91412871223973,75.3800519468635,74.78766165790654,75.3600845336914,31564100
2004-01-13,75.2735705152374,75.3667602628882,74.38831615529911,74.9207992553711,54239700
2004-01-14,75.05392238754823,75.65297030695481,74.9940150565158,75.54647064208984,30112800
2004-01-15,75.59306448740676,75.91921083075583,74.93411430197557,75.73284149169922,38408700
2004-01-16,75.90589681341937,76.08560864404053,75.63299524011747,76.03236389160156,31922700
2004-01-20,76.23206483008121,76.3119395987421,75.75948387475336,76.01241302490234,29863000
2004-01-21,75.96577961177113,76.74454422020116,75.69288318653281,76.61141967773438,30725000
2004-01-22,76.6380472769283,76.7977916553149,76.26530870129886,76.4117431640625,29888500
2004-01-23,76.54487004726917,76.79114667469747,75.84598007208623,76.16547393798828,44245300
2004-01-26,76.13884575435327,77.16388197075794,76.13218825709188,77.12394714355469,30460600
2004-01-27,77.04405547889718,77.543261021957,76.3118883647124,76.33185577392578,35322800
2004-01-28,76.53156672862464,76.73124596861913,75.17372656829278,75.4599380493164,52621300
2004-01-29,75.58639446573042,75.77942127153995,74.92078689184218,75.53314971923828,60117100
2004-01-30,75.55976955339295,75.69289411508028,75.2735580934937,75.53314971923828,30984400
2004-02-02,75.67958942225177,76.33188716786141,75.29354083626184,75.85930633544922,38832400
2004-02-03,75.70621657495062,75.97246066425305,75.50653731661151,75.73284149169922,25093500
2004-02-04,75.34010922348284,75.69953785745315,75.07386522666981,75.11380004882812,39332600
2004-02-05,75.32682333596823,75.57310001686028,75.06723673527458,75.33348083496094,37226800
2004-02-06,75.49321978170326,76.34519677628788,75.34678528359963,76.17879486083984,37216000
2004-02-09,76.32523062038848,76.45835520185717,76.0723015328733,76.19876861572266,24851300
2004-02-10,76.06564168315897,76.63806467032259,76.05233176451527,76.44503784179688,27908100
2004-02-11,76.44505302738682,77.47008962480774,75.9924395308397,77.25709533691406,42965700
2004-02-12,77.19048744121187,77.39016660512154,76.93090097340243,76.97749328613281,27814700
2004-02-13,77.09067960556325,77.34360869027596,76.37847960669353,76.63140869140625,44739900
2004-02-17,77.11062184756506,77.49667538623078,77.05737203295286,77.32361602783203,23984300
2004-02-18,77.34361559715236,77.6098597027321,76.77785004666039,76.98419189453125,28618000
2004-02-19,77.43011948397596,77.47005430781793,76.58479513931873,76.69795227050781,51146200
2004-02-20,76.86435727593384,76.91760201716757,76.09225012894862,76.4649887084961,46728800
2004-02-23,76.69130102410023,76.71792593489216,75.99241108081395,76.27196502685547,36357000
2004-02-24,76.0589802382009,76.53821853544174,75.23362821416563,76.13885498046875,43953000
2004-02-25,76.18547237288479,76.58483605923419,76.09228768200941,76.4583740234375,31213600
2004-02-26,76.28529971494953,76.73791315889281,76.1055827902544,76.50495147705078,29683000
2004-02-27,76.67131598891574,77.03739700225648,76.29857240168019,76.55815887451172,39312000
2004-03-01,76.8310675268834,77.43676766076425,76.71125798373815,77.31696319580078,33130800
2004-03-02,77.17055881723256,77.85613393975835,76.69797795683309,76.8643798828125,38556400
2004-03-03,76.7112661998507,77.12394468781332,76.49161450086176,77.00413513183594,31346200
2004-03-04,77.02411508017458,77.277044149209,76.8909905084329,77.20382690429688,21060000
2004-03-05,76.82441918094493,77.8427978798857,76.73123453386422,77.4634017944336,55905600
2004-03-08,77.43676301373903,77.62313735269973,76.484949300214,76.51822662353516,39281600
2004-03-09,76.61144551490108,76.68466276840478,76.0390224846997,76.21208190917969,39746100
2004-03-10,76.35848923010168,76.3917665564568,74.92077466755691,74.93408966064453,67671800
2004-03-11,74.81430305410349,75.39337847642783,73.94901105263429,73.96232604980469,89134800
2004-03-12,74.36832433078794,75.02061680298618,74.26848219535867,74.93408966064453,54012200
2004-03-15,74.72774849653298,74.78099831294942,73.81586951176605,74.01554870605469,57677200
2004-03-16,74.40162954930022,74.58799889693849,73.77595667235707,74.40828704833984,59832600
2004-03-17,74.66787995026397,75.38673756167312,74.61463010982233,75.24030303955078,41607300
2004-03-18,75.0139620481584,75.39335811411075,74.50144651555621,75.26023864746094,60014300
2004-03-19,75.08326605945265,75.1901339920336,74.1681848622934,74.1815414428711,48636200
2004-03-22,73.83419021919057,73.85422763151736,72.8723536596257,73.2397232055664,62752100
2004-03-23,73.640474450624,73.74066659152233,73.04600753620697,73.11280059814453,54080200
2004-03-24,73.19296526814885,73.56701054257395,72.70536616742926,73.17292785644531,51584300
2004-03-25,73.52694449443285,74.34183330752946,73.33324099820618,74.14144897460938,49873600
2004-03-26,74.11471285225043,74.66910495645935,74.00784497085172,74.16146850585938,37409500
2004-03-29,74.56225319336478,75.30366812295522,74.52885920041952,75.20347595214844,44113600
2004-03-30,75.00977143172447,75.5240837258478,74.95633493218345,75.45729064941406,39059900
2004-03-31,75.470662119991,75.74452041219422,75.06321764855791,75.54413604736328,48517600
2004-04-01,75.52408406362204,76.0584388694519,75.5107274866696,75.99832153320312,45103800
2004-04-02,76.68630265035736,76.70634006449568,76.07847900555865,76.57275390625,50987700
2004-04-05,76.4525074565321,77.06701180245105,76.43915088204872,76.99353790283203,30251800
2004-04-06,76.69965852312184,76.9334368303642,76.55939153877642,76.74641418457031,28420900
2004-04-07,76.7798267617952,76.79986927525528,76.21875868858052,76.56608581542969,45890500
2004-04-08,77.08706179718386,77.08706179718386,75.97159662004736,76.39240264892578,46929700
2004-04-12,76.53267350784867,76.86664397514146,76.52599267162705,76.69297790527344,23085200
2004-04-13,76.98690386908456,77.01362212850937,75.4907119172172,75.61762237548828,56210300
2004-04-14,75.2168379405322,75.90481636910347,75.17676311043618,75.73783111572266,62322300
2004-04-15,75.77792758057518,75.99834940100526,75.0498741140471,75.45063781738281,61602500
2004-04-16,75.73116172215427,76.17868614178752,75.463989353162,76.03173828125,47059200
2004-04-19,75.8447155845609,76.13860620964965,75.65768779188551,76.03173828125,28277600
2004-04-20,76.19868251570854,76.35898686995378,74.66241674157577,74.75592803955078,53299400
2004-04-21,74.94297154441227,75.4439272501797,74.72255490682318,75.25690460205078,50177300
2004-04-22,75.13001009533477,76.59279750131532,75.10329184233245,76.31226348876953,62071500
2004-04-23,76.42578648792801,76.52597862892732,76.00498561091165,76.38571166992188,29395700
2004-04-26,76.47927694048177,76.7731727358599,75.87812876629357,76.27889251708984,35515200
2004-04-27,76.29890168307838,76.89336875769276,76.11855476166461,76.34565734863281,43485500
2004-04-28,76.07179808785217,76.15195284030541,75.14336052987301,75.35710144042969,50165800
2004-04-29,75.29030597612478,75.69106953372389,74.24831970717007,74.69583892822266,69687600
2004-04-30,74.92295423775953,75.06322126149807,74.07467125724936,74.11474609375,48681400
2004-05-03,74.38859088162874,75.0030953775768,74.375229207899,74.90958404541016,33758000
2004-05-04,74.97635954846729,75.6509812260685,74.58227689758117,74.84944915771484,51185100
2004-05-05,75.08320277213708,75.45056703221823,74.91621762774143,75.33033752441406,34405000
2004-05-06,74.82276978481974,75.20349605888975,74.14147201395276,74.68250274658203,54997000
2004-05-07,74.28841513283683,74.9630371177121,73.44680786132812,73.44680786132812,60950000
2004-05-10,73.09945332661665,73.30651337376825,72.37807593552868,72.69200897216797,75279400
2004-05-11,73.11281506953961,73.5069028761467,73.02598458143261,73.3065185546875,48300600
2004-05-12,73.18630728515232,73.834210977797,72.1777147812626,73.77409362792969,90830500
2004-05-13,73.31318859315026,74.0145234229922,73.22635302184776,73.46681213378906,57393700
2004-05-14,73.44012678771657,73.96780090330614,72.98592660568924,73.500244140625,54123100
2004-05-17,72.73210846399236,73.13955295663517,72.41149957875673,72.87237548828125,55020400
2004-05-18,73.13285021184372,73.43342668470015,73.02598231410586,73.2397232055664,30193100
2004-05-19,73.80743957804916,74.26163941006106,72.90572074719711,72.98587036132812,54804100
2004-05-20,73.10613458163397,73.38667365221082,72.83228144338527,73.21968841552734,38082900
2004-05-21,73.45347640518544,73.8408834283684,73.11950588781785,73.34660339355469,47480400
2004-05-24,73.82752811037128,73.98115680382128,73.2597792011611,73.65386199951172,40961500
2004-05-25,73.40670762200999,74.796025949085,73.20632330899512,74.70919036865234,48668000
2004-05-26,74.58230172974349,75.00310276594544,74.4821095508423,74.9697036743164,35977000
2004-05-27,75.17005835414339,75.49734791974956,74.84944452743865,75.3904800415039,45306900
2004-05-28,75.29701194885742,75.3971990497136,75.04987187610958,75.38384246826172,23367200
2004-06-01,75.11664511915824,75.38382254145216,74.72256237066343,75.28363037109375,41044700
2004-06-02,75.49733963685611,75.79791602191223,75.11661362590502,75.56413269042969,39774200
2004-06-03,75.35042518794474,75.60424603816277,74.85615025770868,74.8695068359375,38688300
2004-06-04,75.4639663696289,75.86472989704585,75.28361946990121,75.4639663696289,32739500
2004-06-07,75.76455582784743,76.68631267054835,75.75787499026661,76.61283874511719,31643800
2004-06-08,76.39242160801119,76.75978613698432,76.2588303371234,76.71971130371094,32846500
2004-06-09,76.48591552709496,76.6128208355485,75.95824159325409,76.00499725341797,36737600
2004-06-10,76.17199874096555,76.37905883789062,76.09852481702713,76.37905883789062,21711000
2004-06-14,76.02504642832403,76.0450838434967,75.39050449992371,75.62428283691406,34633000
2004-06-15,76.0784730913766,76.4458375459867,75.81797653585828,76.15862274169922,37445000
2004-06-16,76.14527893066406,76.27886510092004,75.94489457929433,76.14527893066406,26633400
2004-06-17,76.0450948613051,76.19204272184263,75.69776772402338,76.03173828125,28402400
2004-06-18,75.93386444808225,76.5707278802464,75.8735327633931,76.17520141601562,31799800
2004-06-21,76.25562768958068,76.517075146778,75.83999077872463,75.88691711425781,25284000
2004-06-22,75.83998549651521,76.34276981988941,75.53161172526275,76.26902770996094,37334000
2004-06-23,76.16177828348401,76.98634180242767,76.03440460389629,76.92601013183594,35580000
2004-06-24,76.7986480025113,77.04669017517443,76.59753728903858,76.68468475341797,35272100
2004-06-25,76.69810779225485,77.05340804750462,76.20872859142764,76.31598663330078,32837900
2004-06-28,76.77184831055149,76.83218511745255,76.02773186575791,76.0545425415039,40824500
2004-06-29,76.1081280960674,76.53717025278812,76.0343859958886,76.36957550048828,28418100
2004-06-30,76.47014489980062,76.95281867750292,76.18858690100318,76.77851867675781,52230600
2004-07-01,76.59081865482172,76.69137655124656,75.47128669060663,75.7126235961914,57734700
2004-07-02,75.86010425010606,75.9472516951164,75.48468846213702,75.67239379882812,34615100
2004-07-06,75.33052761693195,75.38415407657479,74.83444322717543,75.00874328613281,38698200
2004-07-07,74.95509964282942,75.46458928681287,74.91487852592648,75.2299575805664,29839800
2004-07-08,74.95508349570751,75.29697825949295,74.5461518466627,74.70704650878906,45291100
2004-07-09,74.89476114589327,75.0422453805543,74.66682957016609,74.9014663696289,27412900
2004-07-12,74.76068228469366,75.1092823149157,74.41208736905875,74.93498229980469,35691300
2004-07-13,75.02882279130091,75.09585967404733,74.81430169776056,74.98860168457031,26752000
2004-07-14,74.58636341963705,75.34388979199346,74.49251077579062,74.76065826416016,54089400
2004-07-15,74.90817578166887,75.02214414097983,74.21098074960527,74.27802276611328,38403500
2004-07-16,74.79419303845091,74.86122992289495,74.03666652651901,74.21766662597656,40871200
2004-07-19,74.24448265139736,74.3852616435774,73.73499312166022,73.902587890625,39592800
2004-07-20,74.09700424656174,75.01542549375625,73.90929890893644,74.84112548828125,46679800
2004-07-21,74.96179960144413,75.1226891723417,73.37299910574554,73.46015167236328,56241100
2004-07-22,73.31264480889743,74.00313433192915,72.91711855571522,73.66123962402344,72477100
2004-07-23,73.48696257150534,73.54729423861386,72.86350977178287,73.04450988769531,49610500
2004-07-26,73.19868544088355,73.35957497054518,72.54171176333752,72.90371704101562,49679100
2004-07-27,73.10488599139158,73.81548661957653,73.05125440427847,73.58755493164062,51295100
2004-07-28,73.44005604199234,73.98976687599254,72.79648739842247,73.80876159667969,65862300
2004-07-29,74.1037221436784,74.32494852139544,73.74171673866533,74.12383270263672,52200500
2004-07-30,73.95625269154408,74.34507395783938,73.80876841021905,74.30484771728516,41581700
2004-08-02,73.86909819669535,74.65344076604715,73.77524550196547,74.45903015136719,38263100
2004-08-03,74.36515823536759,74.45230568235212,73.84896854777354,73.88248443603516,40948800
2004-08-04,73.66799273600863,74.24451943605618,73.5003978840085,73.87580871582031,40763200
2004-08-05,73.9361295575545,73.99646123624478,72.58196058162099,72.66911315917969,50772000
2004-08-06,72.15292281096102,72.37414920928101,71.47584339489782,71.6300277709961,74729000
2004-08-09,71.74396563368136,72.05234450591232,71.64341286511299,71.73056030273438,37476300
2004-08-10,71.93837998835954,72.67580109417044,71.9048641019233,72.65568542480469,55870600
2004-08-11,72.18642499537471,72.62217245322907,71.79760387208394,72.50820922851562,52933200
2004-08-12,72.18643412028632,72.3674342580294,71.48253389826736,71.71717071533203,50015900
2004-08-13,71.79757340051181,71.96516811205109,71.45567875688795,71.85791015625,41634700
2004-08-16,71.82445393979191,72.83002311585537,71.79763814801284,72.60209655761719,45731900
2004-08-17,72.90374607742234,73.2590462744541,72.75626181874773,73.0110092163086,40701600
2004-08-18,72.74955149621537,73.85567824417848,72.72944093773039,73.76182556152344,43165400
2004-08-19,73.6143238712337,73.75510286186052,73.19198689935322,73.54728698730469,39881600
2004-08-20,73.48027524967176,74.16405988308945,73.4132383428015,74.06350708007812,44870900
2004-08-23,74.11044560029168,74.25792477379704,73.77525589629143,73.87580871582031,33745100
2004-08-24,74.17075947231636,74.23109626412663,73.64115925348294,73.97634887695312,30453100
2004-08-25,73.96291352812426,74.5930662866112,73.6746503643342,74.4791030883789,38551400
2004-08-26,74.38525044105988,74.61988205935745,74.31150834465411,74.4791030883789,26629500
2004-08-27,74.54615796239088,74.83442119578314,74.44560518354572,74.71375274658203,24902900
2004-08-30,74.55957868564867,74.64002091981195,74.04338381502545,74.09701538085938,26726500
2004-08-31,74.18415602617765,74.51934558686432,73.80874024028954,74.48582458496094,44125300
2004-09-01,74.37857526946374,74.84113858569519,74.06350132021777,74.62661743164062,52778300
2004-09-02,74.57297227381575,75.55172518047718,74.57297227381575,75.47128295898438,42736600
2004-09-03,75.30370475340135,75.63218916416984,75.08918359122364,75.16292572021484,30480500
2004-09-07,75.44447544357632,75.83999671480147,75.29699120190342,75.65899658203125,37338800
2004-09-08,75.49809873767758,75.79306207412924,75.29027773145192,75.47128295898438,32963100
2004-09-09,75.46459040427511,75.67240633080104,75.10258500302541,75.40425872802734,34314800
2004-09-10,75.43105497071689,75.9338393016434,75.13609164115896,75.79306030273438,27900600
2004-09-13,75.96066745981811,76.24893072778073,75.7595567634224,76.0411148071289,44398100
2004-09-14,75.95395273092282,76.21540016612646,75.88021062206163,76.1952896118164,28048900
2004-09-15,75.95396400789329,75.99418512248505,75.53832707029167,75.6187744140625,38295000
2004-09-16,75.65228438333338,76.00088439780113,75.61876849532601,75.84669494628906,23911700
2004-09-17,76.03452951869906,76.31053161158725,75.85950906240124,76.1691665649414,33683000
2004-09-20,75.84603478922897,76.06144890461563,75.58349899659764,75.7114028930664,37149400
2004-09-21,75.89988710913958,76.38457013680974,75.7585220820487,76.04125213623047,40920800
2004-09-22,75.73158060395257,75.74504173627427,75.03821673216329,75.09207153320312,49042100
2004-09-23,75.12574036501748,75.19305631041564,74.68817901611328,74.68817901611328,44068700
2004-09-24,74.83625148270067,75.2132298920753,74.80932408661137,75.0314712524414,34981100
2004-09-27,74.78915145490257,74.85646739665789,74.43910547624853,74.55354309082031,39355100
2004-09-28,74.66125459230564,75.06515538891749,74.32466973914954,74.91032409667969,41662900
2004-09-29,74.86319744261957,75.29402561512961,74.72183243000318,75.28729248046875,33325700
2004-09-30,75.09207919861443,75.38154236390638,74.89685937682432,75.23344421386719,43536700
2004-10-01,75.57000922586786,76.5057144165039,75.53634869664327,76.5057144165039,62824300
2004-10-04,76.80868497578004,77.03756541366755,76.60673708622153,76.63365936279297,33082400
2004-10-05,76.64038882952094,76.84907498204639,76.43170781287405,76.6740493774414,36910600
2004-10-06,76.58650225608014,77.19908905029297,76.5259194579939,77.19908905029297,42297800
2004-10-07,76.99717248957913,77.01063876387698,76.31054144087425,76.37112426757812,39388800
2004-10-08,76.16916291131525,76.58652489495141,75.63062502393437,75.73833465576172,51872600
2004-10-11,75.92009260980807,76.08165193097099,75.82584924447318,76.0479965209961,20229100
2004-10-12,75.52966847349961,75.95376884096632,75.35464797937867,75.75181579589844,41754700
2004-10-13,76.0681617379643,76.11528340263241,74.93723665005332,75.08533477783203,54212600
2004-10-14,75.17960466573476,75.34789711841272,74.43911890112733,74.47950744628906,64082200
2004-10-15,74.7352861852888,75.21996911548204,74.43236192185624,74.8968505859375,63482200
2004-10-18,74.64779881759631,75.32770175461187,74.51989491193294,75.17960357666016,43535100
2004-10-19,75.40847810933475,75.54984828573215,74.44584509790211,74.54682159423828,55851900
2004-10-20,74.30446119238951,74.60065747020755,73.88036617850368,74.3987045288086,57118500
2004-10-21,74.5804604395932,74.93723950508415,74.1900208398242,74.88338470458984,53218300
2004-10-22,74.849730131643,74.8901186645209,73.95441332308825,74.04192352294922,48752400
2004-10-25,73.88040340787954,74.12947814300031,73.61113439561804,73.95445251464844,43990900
2004-10-26,74.13616321481913,75.12572330872577,73.96787082159355,75.08533477783203,54337400
2004-10-27,74.97763413095294,76.13548675629688,74.80261371893722,75.98738861083984,73896000
2004-10-28,75.92011974856754,76.44519158195035,75.72489981176727,76.21631622314453,54413300
2004-10-29,76.14896251911644,76.49900852266578,76.00086435519566,76.20281219482422,48820200
2004-11-01,76.44514679633137,76.63363348395303,76.2028053019958,76.41149139404297,36720900
2004-11-02,76.51918496062494,77.12503861007444,76.21626070383836,76.43840789794922,56210000
2004-11-03,77.43470215309314,77.65684936485417,76.90289752609404,77.40104675292969,76960200
2004-11-04,77.26644831347025,78.53873914554771,77.19913234366474,78.45796203613281,55350300
2004-11-05,78.79449182362353,79.19165936236622,78.41751341221232,78.9493179321289,63287200
2004-11-08,78.74741255756027,78.91570502272049,78.57238695574766,78.83492279052734,33863800
2004-11-09,78.8146754150921,79.09740533346127,78.59926141025724,78.68003845214844,44658100
2004-11-10,78.80123679437008,79.13109361738972,78.59928898292371,78.74065399169922,45265400
2004-11-11,78.88201951959743,79.51480063188936,78.82816471517326,79.33977508544922,37863200
2004-11-12,79.41384415602032,80.10720824598879,79.21862429272892,79.9658432006836,55583700
2004-11-15,80.0070175905315,80.18930979450786,79.82472538655514,80.16230773925781,35297900
2004-11-16,79.91246008997936,79.94622037096423,79.48710836548675,79.58837890625,40028700
2004-11-17,79.91923594889626,80.43911042696676,79.71668450746265,80.06101989746094,54494000
2004-11-18,80.02723769669876,80.2095349742984,79.82469146181614,80.16902160644531,31854300
2004-11-19,80.14204195977767,80.15554813740326,79.08878675327176,79.27783203125,54276500
2004-11-22,79.10903510617997,79.75044456813909,79.01451247407603,79.65592193603516,37560200
2004-11-23,79.62219089725313,79.844996533823,79.24410022993385,79.77748107910156,41968800
2004-11-24,79.85168695447986,80.06773934462028,79.70315512152327,79.96646881103516,29724800
2004-11-26,80.0137447327427,80.33107286555453,79.87196080871753,79.90571594238281,15487700
2004-11-29,80.20280125164145,80.35133828374164,79.31833729825918,79.5411376953125,61460800
2004-11-30,79.66946050880664,79.83149864719465,79.42640072567487,79.5951919555664,53685200
2004-12-01,79.77744444916853,80.68216245945105,79.73693107405823,80.49987030029297,49898300
2004-12-02,80.4121079369435,80.93198759657666,80.35134559161095,80.56739807128906,60163500
2004-12-03,80.55390545383752,81.11429343802516,80.4053683832241,80.51339721679688,49067900
2004-12-06,80.48640441894531,80.7767255222793,80.2365915599047,80.48640441894531,33030500
2004-12-07,80.67544773813958,80.76322246670725,79.69646075086268,79.73696899414062,52047200
2004-12-08,79.811215447874,80.22306631085652,79.67618457359349,80.20281219482422,43895100
2004-12-09,79.76397820615132,80.65519563829997,79.48716328498128,80.48640441894531,60922800
2004-12-10,80.29057809518096,80.7226830545372,80.24331677622317,80.56739807128906,47828600
2004-12-13,80.85771855536778,81.28982351195366,80.58089858103446,81.26956939697266,38541000
2004-12-14,81.14127270238312,81.66790020694079,81.14127270238312,81.5531234741211,41500700
2004-12-15,81.49236177256964,81.76918171959105,81.22904800160127,81.6138916015625,46699200
2004-12-16,81.50588803670142,81.85697143415555,81.04677580858562,81.566650390625,51641800
2004-12-17,81.03617832989379,81.38214036218022,80.83267520976072,81.02261352539062,70761900
2004-12-20,81.23291472563173,81.59922661141708,80.83946805103652,81.04297637939453,47187400
2004-12-21,81.13114526005981,81.7281001504269,81.03617610485246,81.66704559326172,33094200
2004-12-22,81.66023079797498,82.13508157612475,81.60596642582753,81.86373901367188,31500700
2004-12-23,81.99265185890657,82.27077431452034,81.85019813645606,81.92481231689453,25646100
2004-12-27,82.21649174183322,82.32503085153382,81.66702673140531,81.75521087646484,29944100
2004-12-28,81.83661490500661,82.30468075685145,81.80948012768216,82.20292663574219,23422900
2004-12-29,82.13511965425403,82.3521927697664,82.04693030470033,82.32505798339844,22650600
2004-12-30,82.352164799574,82.46748372089729,82.1079569806367,82.16900634765625,21076900
2004-12-31,82.2843453309338,82.52855319405212,81.94516831831731,81.9926528930664,28648800
2005-01-03,82.46070985496311,82.59638375902203,81.33464491614056,81.60598754882812,55748000
2005-01-04,81.71448695753948,81.76875649622438,80.34421474602823,80.60877227783203,69167600
2005-01-05,80.5477621090877,80.8937241394336,80.04578153839132,80.05256652832031,65667300
2005-01-06,80.34426051394792,80.82589129942308,80.2221565700647,80.45957946777344,47814700
2005-01-07,80.70376502335444,80.88013848803136,80.13394505110188,80.34423828125,55847700
2005-01-10,80.27643534507477,81.03619392927806,80.27643534507477,80.72415161132812,56563300
2005-01-11,80.47990410297649,80.54773845605398,80.03897304482877,80.16786193847656,63099700
2005-01-12,80.3171075249487,80.6155797392336,79.72015274551921,80.43242645263672,72720500
2005-01-13,80.47989775346456,80.54095228921793,79.70657480344839,79.78797912597656,55537500
2005-01-14,80.02540386807014,80.4052803648734,79.8829501817689,80.20855712890625,42032500
2005-01-18,80.07971466608774,81.14473054357353,80.01187510634722,81.04297637939453,57391700
2005-01-19,81.01582271601542,81.07687209504084,80.1882299641336,80.19501495361328,54378900
2005-01-20,79.97114637032192,80.1814344376821,79.56413503734771,79.70658874511719,72049300
2005-01-21,79.90333216234625,80.04578590604254,79.13000888203423,79.21819305419922,63160400
2005-01-24,79.4284632639043,79.59805175512497,78.94005275655002,79.0621566772461,58441900
2005-01-25,79.30633518338782,79.686211607069,79.17744632159823,79.28598022460938,68245000
2005-01-26,79.58447160206823,79.77440984752963,79.39453335660684,79.52342224121094,57195100
2005-01-27,79.49630751085176,79.87618409755594,79.3538537908377,79.65911102294922,55878800
2005-01-28,79.699810607116,79.74051536671311,79.1028609458051,79.65911102294922,60738900
2005-01-31,80.01188370095505,80.21539205117325,79.8490801260399,80.15434265136719,52532700
2005-02-01,80.21536217455254,80.77839724840956,80.11360803734229,80.66307830810547,49841200
2005-02-02,80.76481863218025,81.12434539316581,80.65628469274587,80.90727233886719,52468900
2005-02-03,80.76482533149886,80.83266487163112,80.43243332165795,80.69699096679688,48837100
2005-02-04,80.72413961810639,81.69418620876979,80.71057481300736,81.55851745605469,50024600
2005-02-07,81.57207036046617,81.75522366745415,81.37534707492775,81.44996643066406,45412000
2005-02-08,81.51782523216846,81.84343753438682,81.44999084537396,81.54496002197266,39263500
2005-02-09,81.68739111251548,81.73487568763431,80.89371813891624,80.93441772460938,55279400
2005-02-10,81.17186322373345,81.41606596581478,80.90052051811553,81.22612762451172,45858600
2005-02-11,81.19897372606734,82.10797079963837,81.03617021118536,81.92481231689453,53133000
2005-02-14,81.87052400097615,81.98584290800422,81.72807032015989,81.86373901367188,32432100
2005-02-15,81.94515349315502,82.37251458858051,81.8637491616994,82.16900634765625,43852700
2005-02-16,82.03332835841316,82.39285505800713,81.85695491459063,82.2232666015625,55523000
2005-02-17,82.23687157049255,82.3047059468501,81.55173246578958,81.55851745605469,58124000
2005-02-18,81.56529144827361,81.7281001504269,81.33465355003601,81.66704559326172,47723300
2005-02-22,81.33464392891928,81.72130549379102,80.43921687471997,80.4527816772461,80697600
2005-02-23,80.67665419847769,81.11080041317048,80.46636608132587,81.0293960571289,68292600
2005-02-24,80.88694585075942,81.61956956085918,80.71057750144126,81.56529998779297,68563600
2005-02-25,81.5856651622592,82.53536216820481,81.52461576262577,82.37255859375,60899900
2005-02-28,82.18258859398019,82.28434272963442,81.42961523574128,81.82984161376953,69381300
2005-03-01,81.95868131809902,82.43352676545489,81.93154655318908,82.23680877685547,47294400
2005-03-02,81.91801408153901,82.71168686046887,81.8433947424503,82.19613647460938,64226500
2005-03-03,82.52857240639267,82.6913759612281,81.87734783618755,82.23009490966797,61230800
2005-03-04,82.79312115903143,83.3222365365283,82.61674764138877,83.25440216064453,56168500
2005-03-07,83.20689794199208,83.607124288049,83.03052446597601,83.29508209228516,43442400
2005-03-08,83.21367771450151,83.43753575986287,82.83380115904947,82.98303985595703,44362000
2005-03-09,82.73885523825888,82.95592835592196,82.05371610811578,82.06050109863281,73263600
2005-03-10,82.21649467717248,82.42000292741207,81.6738146355832,82.2436294555664,65149000
2005-03-11,82.29113009189021,82.5692577431623,81.51102705631999,81.66704559326172,57976500
2005-03-14,81.81626214988096,82.18935885527961,81.59240412664177,82.17578887939453,36336400
2005-03-15,82.36572868088538,82.39286345773432,81.45673694587886,81.4974365234375,62438500
2005-03-16,81.19896810249554,81.51101548293437,80.6562880319964,80.80552673339844,74874200
2005-03-17,80.93441824078101,81.22611068278002,80.71056534261061,80.96833801269531,62584200
2005-03-18,81.11610080649493,81.40212728316469,80.46232377592493,80.72792053222656,60232000
2005-03-21,80.84371306025129,80.8913841518722,80.19674750314473,80.42829132080078,61244300
2005-03-22,80.61215136457359,80.99352001296162,79.61105346679688,79.61105346679688,92472400
2005-03-23,79.64513857447459,80.16952590738089,79.50893690647223,79.67919158935547,70817300
2005-03-24,79.99243897474709,80.35337797815288,79.72003051315956,79.7745132446289,51932500
2005-03-28,79.96518649426967,80.31931900383867,79.89027404785156,79.89027404785156,46765500
2005-03-29,79.77449911490864,80.29207458067566,79.16839312300394,79.35907745361328,71160300
2005-03-30,79.52932319644904,80.49636802002236,79.5225115580414,80.48274993896484,62002100
2005-03-31,80.48958332850145,80.67345604913433,80.27165760238584,80.33294677734375,64575400
2005-04-01,80.7892048030872,81.03437182418051,79.61785760823405,79.97198486328125,95255300
2005-04-04,79.92432737404225,80.26483660614169,79.50209405576585,80.10820007324219,71581200
2005-04-05,80.21035816786524,80.61896822906593,80.13544571713992,80.48957824707031,46853900
2005-04-06,80.66662976718874,81.00713897717392,80.48275707993034,80.76878356933594,53268200
2005-04-07,80.63940185188959,81.21826652892935,80.5781074860277,81.20464324951172,46734600
2005-04-08,81.15698182597752,81.18422319229752,80.36019134521484,80.36019134521484,63772900
2005-04-11,80.55766217232332,80.64619268836967,80.24439435120809,80.42145538330078,44945000
2005-04-12,80.28527544769817,81.08206589432976,79.72684045145732,80.83689880371094,86144800
2005-04-13,80.74151731399658,80.9049654253394,79.76766106587792,79.88343811035156,65949000
2005-04-14,79.95157040308216,80.01967121177023,78.84150695800781,78.84150695800781,96119800
2005-04-15,78.82106748517111,79.13433532299338,77.70419773441071,77.73825073242188,128677300
2005-04-18,77.71784596216375,78.28989910294341,77.60888049015257,77.97663116455078,100035200
2005-04-19,78.38526278015918,78.67810107176291,78.20138999043644,78.59638214111328,64930100
2005-04-20,78.57589827268893,78.7461528665162,77.32963859464928,77.49989318847656,107735900
2005-04-21,78.17407794389436,79.14112251793358,77.89485799456614,79.00492095947266,86952200
2005-04-22,78.82108654424945,79.33866210377336,77.81998843144689,78.70531463623047,88845800
2005-04-25,78.90279040118361,79.33864175136739,78.80744824306578,79.22286987304688,52284100
2005-04-26,78.97086812217714,79.52249118947636,78.4192450548779,78.45329284667969,72626000
2005-04-27,78.22178328870262,79.04581502875311,77.93575677313311,78.7597885131836,84131900
2005-04-28,78.50099791549066,78.78021798629759,77.77230834960938,77.77230834960938,72481500
2005-04-29,78.36479571789502,78.90961257625044,77.61567643447528,78.82788848876953,103993800
2005-05-02,79.04582384706038,79.27737285865672,78.67126156172479,79.27056121826172,56026400
2005-05-03,79.04582217253422,79.57701580538682,78.78703699635861,79.4067611694336,86000300
2005-05-04,79.4408190790663,80.18993848435423,79.18884033182677,80.01968383789062,81055700
2005-05-05,80.13544490080042,80.36018225068699,79.50209749387568,79.992431640625,96906700
2005-05-06,80.31251388327125,80.3533733316309,79.72002590326159,79.7404556274414,67415400
2005-05-09,79.82215774919331,80.4146455661231,79.71319751830545,80.23757934570312,43750500
2005-05-10,79.92433671754397,80.01967889801705,79.26374789872399,79.4067611694336,74613500
2005-05-11,79.63149152347209,79.9515710421992,78.89599031394067,79.84260559082031,91647400
2005-05-12,79.89709332111376,80.08096603713471,78.96409606933594,78.96409606933594,95086800
2005-05-13,79.20244892373472,79.42037462295974,78.18092123441274,78.80745697021484,85267000
2005-05-16,78.79385930317805,79.57022018375655,78.76662312821055,79.54298400878906,49207000
2005-05-17,79.27737485798538,80.15588424800202,79.10712021413171,80.07416534423828,61071800
2005-05-18,80.42150759948784,81.09571995244802,80.36703004426529,80.89822387695312,77944900
2005-05-19,81.05481534230199,81.32041732350127,80.83688964153632,81.23869323730469,61768100
2005-05-20,81.2727674392529,81.30682045183437,80.86415726707656,81.1229476928711,46345500
2005-05-23,81.18420739337341,81.74945394405475,81.17058931074325,81.5723876953125,51047900
2005-05-24,81.34088492052139,81.60648182963088,81.1774366720225,81.38174438476562,50654100
2005-05-25,81.2795470439862,81.6336795305126,80.925419753218,81.3204116821289,47608800
2005-05-26,81.57918987530441,81.86521633919793,81.46341800121766,81.75625610351562,43256200
2005-05-27,81.76307614106615,81.89247131347656,81.5860150791724,81.89247131347656,24596100
2005-05-31,81.77667480168623,81.83796395179283,81.31358217199386,81.3680648803711,43377200
2005-06-01,81.39532090135015,82.34874774758411,81.34764981882635,82.0627212524414,69611000
2005-06-02,81.87886810425502,82.29428466782298,81.79033236146616,82.23980712890625,39704500
2005-06-03,82.09679507838685,82.32833891059417,81.538360028979,81.82438659667969,60999400
2005-06-06,81.68812583011021,81.85838036931074,81.41572272399434,81.74942016601562,36046400
2005-06-07,81.98784207623805,82.57351858246315,81.72905683692758,81.81077575683594,66501300
2005-06-08,82.015038810364,82.1239990428589,81.49746341767987,81.6609115600586,46881200
2005-06-09,81.54517573388071,82.11723413000125,81.3408732462207,82.04913330078125,56653300
2005-06-10,82.10357309596839,82.16486745111577,81.4497960836907,81.85840606689453,36465300
2005-06-13,81.68134379447675,82.45770430953391,81.59280808235555,82.11719512939453,49383200
2005-06-14,82.02867938544932,82.53944327999324,81.98100829645558,82.30789947509766,33857100
2005-06-15,82.5122072296454,82.56668476303142,81.87885979167157,82.46453094482422,53195600
2005-06-16,82.44408732953009,82.8390792556419,82.34874516746974,82.6756362915039,46564500
2005-06-17,83.10507294369017,83.35122957325802,82.88626763037766,82.98199462890625,51529400
2005-06-20,82.79051786696948,83.31017708273983,82.69479089476289,83.00932312011719,41019400
2005-06-21,83.0777173821561,83.18028350868993,82.75634595349074,83.05720520019531,39879800
2005-06-22,83.20076409952352,83.37854497023054,82.78366583559242,83.12554931640625,46310100
2005-06-23,82.95462873834582,83.14608270176643,81.93581716629795,81.95632934570312,62185600
2005-06-24,81.96997743130176,82.05887047062652,81.25885920034202,81.3545913696289,58572500
2005-06-27,81.34779265485186,81.64865192192661,81.19736302131447,81.47087097167969,48183800
2005-06-28,81.64179198955642,82.2161538439421,81.6212798114325,82.15461730957031,41174200
2005-06-29,82.30507175991411,82.32558394423248,81.88797328967252,81.93583679199219,42316500
2005-06-30,82.20249733029578,82.27087301003715,81.33411002571758,81.49137878417969,62288800
2005-07-01,81.67597212757602,81.91529476872779,81.51186949607565,81.73067474365234,49737500
2005-07-05,81.53922288641104,82.4964978252786,81.49819853167044,82.38709259033203,51549000
2005-07-06,82.31870502680418,82.49648589952787,81.64861631817551,81.69647979736328,52363600
2005-07-07,80.88282480277395,82.01787567138672,80.86231262092099,82.01787567138672,103268800
2005-07-08,82.03158113119336,82.95466613769531,81.86063927011035,82.95466613769531,64491200
2005-07-11,82.9614721647144,83.48797059137416,82.94779389991675,83.37857055664062,49688300
2005-07-12,83.4127462963482,83.8503568189599,83.17342885690884,83.59736633300781,51871100
2005-07-13,83.60421016548484,83.77515195918085,83.41275619122203,83.71361541748047,41182300
2005-07-14,84.08967256598648,84.40420477722485,83.75462296157143,84.04180908203125,63638800
2005-07-15,83.95978754329742,84.13072936860341,83.66576739510191,83.99397277832031,56075900
2005-07-18,83.76149405558851,83.85038192635922,83.45380085799488,83.65892791748047,56598400
2005-07-19,83.90506114870931,84.17856903509876,83.69993414646397,84.11702728271484,59165700
2005-07-20,83.82302947069697,84.60252897969977,83.62474154757138,84.40423583984375,69477000
2005-07-21,84.47943135365063,84.5204557122699,83.7409615981284,83.91190338134766,101110900
2005-07-22,84.02131397575891,84.48627589325437,83.85037217104338,84.47260284423828,52607100
2005-07-25,84.38368304489332,84.75291261260455,84.00076999988538,84.2332534790039,57301600
2005-07-26,84.26060586250752,84.46573282311542,84.06914672918765,84.3358154296875,42758800
2005-07-27,84.44523870994144,84.7119074674766,84.13754559485596,84.6435317993164,43181600
2005-07-28,84.75975869743183,85.22472047709111,84.54095346092913,85.1768569946289,47880700
2005-07-29,85.06746476044519,85.21788913569877,84.44523421483238,84.60933685302734,62358100
2005-08-01,84.67086879591679,84.81445923979732,84.41103399741358,84.54779052734375,40418200
2005-08-02,84.69823064283328,85.19737769319607,84.60933758313364,85.05378723144531,45147400
2005-08-03,84.9580476286604,85.29309198961069,84.86915979890202,85.2794189453125,36837200
2005-08-04,84.94437999281271,84.99907739021613,84.49309125131774,84.59565734863281,50855600
2005-08-05,84.41104065188873,84.77344157222709,83.87770318493637,84.02129364013672,53595500
2005-08-08,84.20596607590022,84.38374708111185,83.67946219573975,83.86408233642578,47616000
2005-08-09,84.1443888391578,84.50678461564236,84.0144766202686,84.37003326416016,47170000
2005-08-10,84.66402383818242,85.12898557448727,83.9802568857769,84.3289794921875,72863700
2005-08-11,84.28795044022624,84.80761478789833,84.1101747875638,84.66402435302734,58570200
2005-08-12,84.4930783649205,84.57513227360387,83.9323896974033,84.14435577392578,54776900
2005-08-15,84.2537652224348,84.69821478754666,83.98709652671324,84.66402435302734,36208500
2005-08-16,84.40420716195541,84.45890456178643,83.48111746187926,83.56317138671875,71942100
2005-08-17,83.54954730705728,84.0145093868587,83.4401420098185,83.55638122558594,62275100
2005-08-18,83.4538182636811,83.80253590255664,83.31022251034226,83.54954528808594,53388600
2005-08-19,83.85036683222783,83.98028426489326,83.55634673816839,83.740966796875,39842100
2005-08-22,83.81618160349925,84.26063131080718,83.33754145073318,83.740966796875,69912000
2005-08-23,83.76146773101216,83.83668252753749,82.838383211608,83.58368682861328,55168600
2005-08-24,83.37852478358381,83.91870117849574,82.79731883353284,82.83834838867188,79104600
2005-08-25,82.9751338122774,83.19393906841088,82.87940683876455,83.13923645019531,35631100
2005-08-26,83.0640448041532,83.07087872035895,82.51702893735724,82.57173156738281,61956800
2005-08-29,82.33239767430787,83.26915524734693,82.31188027958964,83.2076187133789,56179200
2005-08-30,82.90678616506241,82.94097661718352,82.31874586234703,82.77003479003906,74160200
2005-08-31,82.86574900270654,83.87088762581492,82.55805063131206,83.8161849975586,102945200
2005-09-01,83.7751661146968,84.20594284630614,82.83156913207758,83.75465393066406,74578700
2005-09-02,84.00081144320325,84.02132362744861,83.44696160165668,83.6042251586914,47653400
2005-09-06,83.8708723031356,84.65036635482534,83.86403317167058,84.58198547363281,57251300
2005-09-07,84.53414959922627,84.87603324994717,84.41791040999648,84.7256088256836,41749700
2005-09-08,84.55462616669233,84.78710443288209,84.31530355337841,84.44522094726562,39068700
2005-09-09,84.67087410925559,85.2930994051176,84.65036193266093,85.19737243652344,43093900
2005-09-12,85.09481915263486,85.24524875928947,84.97174085780193,85.02644348144531,33017600
2005-09-13,84.8759925604049,85.074285608769,84.45889428914383,84.55462646484375,58427500
2005-09-14,84.60933632755687,84.7324146096209,84.11702319930072,84.24694061279297,57694600
2005-09-15,84.50679429765795,84.54782388118714,84.03499842927948,84.20594024658203,73156900
2005-09-16,84.66736930333688,84.96950395311877,84.37209765907275,84.80470275878906,75424100
2005-09-19,84.78408078429499,84.83901624748421,84.21413714130867,84.52313995361328,53355300
2005-09-20,84.5986962128569,84.88023660341,83.68541879225454,83.80902099609375,84480300
2005-09-21,83.63047380255826,83.68540927333484,82.93692789107463,83.02619934082031,94469100
2005-09-22,83.05369869533193,83.54124466617162,82.70349670131988,83.32150268554688,84597200
2005-09-23,83.25283612751637,83.69917785854673,83.01936813097146,83.39017486572266,59368100
2005-09-26,83.7884246540531,83.93949461153397,83.14295107063845,83.48628997802734,70415400
2005-09-27,83.44508587761109,83.76782528929286,83.10174696968342,83.46569061279297,66150800
2005-09-28,83.7266563544276,83.85712686273816,83.22537906376427,83.5481185913086,58620500
2005-09-29,83.4656849014846,84.36523110224232,83.14294551188691,84.22789764404297,66607700
2005-09-30,84.2004651869498,84.4888687133789,83.596185144217,84.4888687133789,47824200
2005-10-03,84.43389569382884,84.69483135337607,84.08368857366996,84.18669128417969,50994800
2005-10-04,84.31718171092108,84.48198294342217,83.19789859682375,83.23909759521484,60776300
2005-10-05,83.25966701961838,83.30086600312771,82.1060483309438,82.14724731445312,106052100
2005-10-06,82.25025645158661,82.5798640622709,81.14470490343018,81.85198211669922,140941800
2005-10-07,82.19532051344538,82.43566190520471,81.8039144248646,82.1335220336914,75661400
2005-10-10,82.1815696789587,82.2021691673008,81.23395654268403,81.43995666503906,52677000
2005-10-11,81.70773403952023,81.98240601933936,81.24766148570924,81.32319641113281,75629800
2005-10-12,81.29577409364282,81.80391413480281,80.62283286812139,80.68463134765625,100510400
2005-10-13,80.65718091849712,81.0829230783031,80.25890650180149,80.63658142089844,99052900
2005-10-14,81.11038272569905,81.58418683998686,80.7258395994721,81.48805236816406,88651000
2005-10-17,81.57729277467097,81.90002681352193,81.33695144768484,81.7901611328125,68109300
2005-10-18,81.67343103750584,81.68716228363786,80.8906190346297,80.90435028076172,74996900
2005-10-19,80.68462749598658,82.26398825743944,80.42369186329273,82.25025177001953,116563800
2005-10-20,82.05110650054127,82.2708431271173,80.54728609072862,80.80135345458984,131966700
2005-10-21,81.22711950042867,81.5635901634375,80.69151164206556,81.11724853515625,96579500
2005-10-24,81.33013039864358,82.46314471806177,81.30953090031764,82.3738784790039,71308400
2005-10-25,82.20905303955078,82.5661231295471,81.67344528508885,82.20905303955078,76594500
2005-10-26,82.06487685697635,82.77215425196361,81.84514013970909,81.96874237060547,80855800
2005-10-27,81.85200142156988,81.96874064307698,80.97992281674577,81.0966567993164,66623100
2005-10-28,81.32322687020203,82.3669744977247,81.09662200905801,82.26397705078125,72322000
2005-10-31,82.60047154643964,83.29401757753605,82.4906005859375,82.4906005859375,77698900
2005-11-01,82.79958904967961,83.01932567951141,82.55238468625203,82.73778533935547,66365100
2005-11-02,82.5180374430808,83.60298919677734,82.49056971323527,83.60298919677734,74012300
2005-11-03,83.87771552147994,84.22792275491189,83.60304328425757,83.96011352539062,84897600
2005-11-04,84.04935690096532,84.09055588913989,83.46568186643867,83.8502197265625,59156000
2005-11-07,84.02875164594006,84.20042107014518,83.67167630978977,83.9326171875,46765400
2005-11-08,83.72661178287983,84.06308238742005,83.63047732443977,83.9326171875,42152800
2005-11-09,83.829596845199,84.42700296280415,83.67852694545805,84.04246520996094,57666800
2005-11-10,84.00814652511096,84.81842641316243,83.60300920055275,84.69482421875,79048100
2005-11-11,84.70171304152066,85.03818372625013,84.06997066723049,84.9832534790039,34867000
2005-11-14,85.00383976225334,85.16177271180614,84.72229936853716,84.93517303466797,45092200
2005-11-15,84.83904096951919,85.20984235676234,84.36523162957923,84.62616729736328,69592500
2005-11-16,84.71546119021828,84.8390634316697,84.44765720689635,84.79785919189453,51133000
2005-11-17,84.92827647199138,85.59435450923891,84.55746997994842,85.58748626708984,55717500
2005-11-18,85.87590585720383,86.02697577953228,85.37463410286101,85.9239730834961,72437200
2005-11-21,85.93770126403189,86.45957769828742,85.82096733131009,86.35657501220703,50021200
2005-11-22,86.21923367338235,86.8784435093156,86.12309923307546,86.72737884521484,66438800
2005-11-23,86.69307560518043,87.48962439869753,86.66560786344508,87.22868347167969,50854700
2005-11-25,87.1943429218073,87.35914411475733,87.07760372282121,87.2973403930664,15270000
2005-11-28,87.3797455627514,87.39347681291447,86.5488660960922,86.67933654785156,54498500
2005-11-29,86.96774932894976,87.194354273091,86.58320617675781,86.58320617675781,51738900
2005-11-30,86.63124198678116,86.87844108428878,86.03383063389177,86.1162338256836,56007200
2005-12-01,86.53513065072057,87.22867666837172,86.50766815006318,86.99520874023438,65468200
2005-12-02,87.05013654383602,87.26301020998952,86.86473585544218,87.10507202148438,46699400
2005-12-05,87.00205280809922,87.02265753751068,86.64498274898486,86.9196548461914,59273400
2005-12-06,87.24239555852667,87.71619956385467,86.95398697044727,87.08445739746094,57935200
2005-12-07,87.05015152023351,87.11882349857626,86.30167515451241,86.57634735107422,66816500
2005-12-08,86.67247804450535,87.084483701866,86.16433790839177,86.52140808105469,62608600
2005-12-09,86.63127475803076,87.05701164600326,86.39780157910164,86.74800872802734,50744500
2005-12-12,87.00891330451529,87.11191598666386,86.49390513270652,86.83037567138672,48389900
2005-12-13,86.80978627261354,87.68873281643071,86.72052006514089,87.42092895507812,88630900
2005-12-14,87.33853777881929,87.95654351370415,87.30420179846567,87.76427459716797,64375000
2005-12-15,87.78484440651853,87.8947153153507,87.33164000491907,87.51017761230469,55900300
2005-12-16,87.86363717093603,87.91886385167311,87.22854614257812,87.22854614257812,46238300
2005-12-19,87.48398095710975,87.58062503202163,86.76604978154498,86.77985382080078,48733000
2005-12-20,86.883425372482,87.38735457165804,86.62110642405531,86.86271667480469,46603200
2005-12-21,87.13193266495506,87.50470499070136,86.84200038938837,87.00077056884766,51806900
2005-12-22,87.19402813378878,87.45635223388672,87.0352580100827,87.45635223388672,32247900
2005-12-23,87.51848085607942,87.57370753841911,87.2699660522571,87.50467681884766,27977300
2005-12-27,87.6427536408087,87.70488498602256,86.55205017334083,86.61418151855469,44499500
2005-12-28,86.80057520440745,86.97315468722732,86.63490037557857,86.80747985839844,30764300
2005-12-29,86.78676607696309,86.95244089608254,86.33115374100016,86.4208984375,32788900
2005-12-30,86.15166221229077,86.33114104548193,85.84792069964921,85.95146942138672,44645600
2006-01-03,86.42088082525616,87.6703542676618,85.86862451846233,87.4632568359375,73256700
2006-01-04,87.57371515246842,88.00861346361631,87.46326177818572,87.87745666503906,51899600
2006-01-05,87.77389284902266,88.07762904265363,87.5875041286502,87.93266296386719,47307500
2006-01-06,88.3745192835315,88.76109570431763,87.91890684471177,88.6644515991211,62885900
2006-01-09,88.65061933510594,89.09242234924228,88.62301125509137,88.8922348022461,43527400
2006-01-10,88.62992100832554,89.03720607002064,88.54017630430542,88.98197937011719,44960800
2006-01-11,89.06482707266352,89.35475935486183,88.8646289634733,89.2650146484375,49598900
2006-01-12,89.10622148789918,89.2442829390471,88.66441852417769,88.91293334960938,40509200
2006-01-13,88.75419902599631,88.98199471894448,88.49877417820663,88.83012390136719,44856700
2006-01-17,88.49875627521702,88.65062706207138,88.22953270459624,88.5885009765625,52066600
2006-01-18,88.07076011300627,88.98197427570454,87.7808278551743,88.23643493652344,75067600
2006-01-19,88.4504319826055,88.89223499771333,88.2295252083442,88.5746841430664,81530400
2006-01-20,88.55396001284633,88.57466870264653,86.9593276977539,86.9593276977539,114957800
2006-01-23,87.12501526769702,87.54610957778107,87.06978857565483,87.26998138427734,67017400
2006-01-24,87.41492447475385,87.7738926117645,87.26995839635927,87.35970306396484,53008800
2006-01-25,87.69796489805654,87.79460895875127,86.86958046347938,87.4356460571289,87747700
2006-01-26,87.8429488903652,88.13288113153384,87.50469460900177,87.91888427734375,71294000
2006-01-27,88.12596414338998,88.81628187498461,87.98099278505353,88.73343658447266,65771200
2006-01-30,88.6644515991211,88.91986590569391,88.60232550294135,88.6644515991211,33709600
2006-01-31,88.58158383208016,88.73344405507669,88.00861353590153,88.01551818847656,72937000
2006-02-01,88.2364323440932,88.65752141093012,88.16740160854819,88.62991333007812,63561000
2006-02-02,88.42970277051957,88.45731084418885,87.53228764178948,87.601318359375,83626900
2006-02-03,87.38044501116593,88.6299187815182,87.07670343603628,87.16644287109375,86040400
2006-02-06,87.2837932124396,87.5323080671023,87.09740443808889,87.39424133300781,45511900
2006-02-07,87.24234491978692,87.43563829071351,86.56583655501429,86.62106323242188,71208100
2006-02-08,86.87649524520931,88.42971558280809,86.703915792888,87.40804290771484,59422200
2006-02-09,87.61514273303722,88.08455909496608,87.23547106483618,87.2630844116211,62023300
2006-02-10,87.27686314507653,87.76008340693082,86.60034951177468,87.42182922363281,64508700
2006-02-13,87.39424122546524,87.52540330601677,86.94553355694822,87.2630844116211,52308700
2006-02-14,87.29761474713439,88.38141381011185,87.12503524496148,88.18812561035156,90964400
2006-02-15,88.13977820599423,88.58158644983742,87.83603668419796,88.49874114990234,85471300
2006-02-16,88.59537240981057,89.1959559804779,88.4849190481462,89.16143798828125,61017900
2006-02-17,89.08552566641488,89.16146105552808,88.76107541596892,88.91984558105469,40342600
2006-02-21,89.12695311933008,89.32714069500892,88.56088733048605,88.69895935058594,46456300
2006-02-22,88.8922296967009,89.49970222286385,88.80938439458595,89.23738861083984,42326700
2006-02-23,89.23738612913,89.49280034779719,88.5539677061118,89.1062240600586,43423200
2006-02-24,89.12696314890677,89.38237745468442,88.88534761995889,89.33406066894531,36777400
2006-02-27,89.32711761684999,89.76892058014512,89.24428285292387,89.36854553222656,35858600
2006-02-28,89.18909486165681,89.67922533883385,88.45045998488465,88.51948547363281,74394800
2006-03-01,88.77488219730436,89.38926467958912,88.70584619701472,89.3064193725586,48641600
2006-03-02,88.98197153676637,89.34093978782985,88.78178398397839,89.29952239990234,60642300
2006-03-03,88.82318886826047,89.78964009532018,88.80937956309023,88.88531494140625,73402500
2006-03-06,89.14766717206403,89.17527525769309,88.25715630933665,88.47805786132812,57478400
2006-03-07,88.26400757580898,88.40206898727872,87.94646211606437,88.3399429321289,61780800
2006-03-08,88.15358204278672,88.664421013129,87.7946190997014,88.52635955810547,66692400
2006-03-09,88.55394992059895,88.83007277540786,87.93266296386719,87.93266296386719,56313600
2006-03-10,88.16046669823757,88.94052374892442,87.9740832495622,88.7679443359375,60490800
2006-03-13,88.94056180199404,89.16146860116939,88.72656492367787,88.93366241455078,45479100
2006-03-14,88.85078991909967,89.90006516957285,88.7817539403055,89.86554718017578,69877300
2006-03-15,89.84485118463004,90.33498142311643,89.6377642858176,90.26594543457031,53398900
2006-03-16,90.43852986720881,90.75608068528035,90.32117710692967,90.45233917236328,65526400
2006-03-17,90.56947515775259,90.72194987622447,90.36156470102092,90.52789306640625,47286800
2006-03-20,90.5417180622248,90.72191057175976,90.24370615315178,90.38231658935547,45538500
2006-03-21,90.35459878762349,90.78430493830002,89.71698224582887,89.81401062011719,87102700
2006-03-22,89.75859258623203,90.45165564231526,89.7170104949155,90.36156463623047,51605700
2006-03-23,90.2784089856449,90.3685105861026,89.86257740916633,90.17445373535156,46704200
2006-03-24,90.09126156379612,90.49323936563394,89.91799581689888,90.24373626708984,43209200
2006-03-27,90.11895685032852,90.292222553813,89.91797328741819,90.11203002929688,32523000
2006-03-28,90.0496630664515,90.46550506218085,89.4397748680967,89.5575942993164,82079900
2006-03-29,89.68929232786215,90.44472851841064,89.60611757020243,90.11898803710938,61505700
2006-03-30,90.1743814199186,90.77734253868515,89.78626802966444,89.95953369140625,70571700
2006-03-31,90.1120303067891,90.26450497234893,89.66153313116259,89.9803466796875,62925600
2006-04-03,90.14670596658394,90.70114788469539,89.74472817324194,89.91105651855469,61624700
2006-04-04,89.91106166729791,90.60412467992708,89.65463173672185,90.4863052368164,54809300
2006-04-05,90.52096626328621,90.9853172422629,90.3615647213218,90.79818725585938,50607200
2006-04-06,90.68731822609415,90.93682138535814,90.22989400489274,90.701171875,57906200
2006-04-07,90.83281641467237,91.06845524815756,89.64768485047918,89.77935791015625,80180900
2006-04-10,89.91801452636719,90.15365345310497,89.58533660888597,89.91801452636719,41496500
2006-04-11,89.99422757625767,90.1397648724385,88.88532263490251,89.1556167602539,72799400
2006-04-12,89.24570785246814,89.49521090622409,89.13481525628771,89.32194519042969,43033700
2006-04-13,89.12097258397338,89.57839672233024,88.92691578139215,89.20414733886719,51051800
2006-04-17,89.28729116004705,89.61995837786299,88.72591192520134,89.16947174072266,64167700
2006-04-18,89.35658877445884,90.74965188050629,89.35658877445884,90.58331298828125,92531800
2006-04-19,90.61798893874683,90.83977417902501,90.26453060926858,90.75659942626953,87269000
2006-04-20,90.7912765763342,91.38731133412233,90.51405553446735,90.88137817382812,86005500
2006-04-21,91.26945489509087,91.33875483983614,90.5278725167425,90.89519500732422,72342600
2006-04-24,90.71503287100957,90.8397897338542,90.36157448100735,90.72889709472656,52546400
2006-04-25,90.81898050685388,90.87442682177549,90.04275324855786,90.35462951660156,84359800
2006-04-26,90.44473778869713,90.88829776556823,90.3061272787944,90.37542724609375,67262400
2006-04-27,90.02887767782063,91.22788425817149,89.8140298441456,90.81204223632812,124478600
2006-04-28,90.64571599879643,91.3110612118034,90.59028025840729,91.11700439453125,55854400
2006-05-01,91.11700986579451,91.3457219660208,90.31999150237588,90.37542724609375,64990300
2006-05-02,90.79817833843632,91.11006514357899,90.61105894571305,91.05461883544922,49063500
2006-05-03,90.89519651697631,91.01302651807138,90.41005459449954,90.71500396728516,60821300
2006-05-04,90.84666897882008,91.22091822073969,90.77043165126072,91.04072570800781,42921400
2006-05-05,91.5189936561744,92.03879103334847,91.38038313732227,91.84473419189453,62588200
2006-05-08,91.83781910113201,92.01802233718878,91.7338638305664,91.7338638305664,30016700
2006-05-09,91.77538337741386,92.01795961045079,91.69914603919939,91.91399383544922,29864000
2006-05-10,91.76848825093114,92.0041271685064,91.4080924753254,91.86551666259766,64378200
2006-05-11,91.83777603436988,91.86550447705581,90.45858740686083,90.75659942626953,80626900
2006-05-12,90.34767631142262,90.59717936806324,89.53679402116559,89.57144927978516,91726500
2006-05-15,89.25959897419243,89.91801743091058,89.1348526825855,89.75167846679688,84029300
2006-05-16,89.93183314297495,90.09817203692035,89.41203599660811,89.61995697021484,62137600
2006-05-17,89.17640575161882,89.47442831006565,87.85958512978279,87.91503143310547,144789500
2006-05-18,88.26157272680364,88.53879898664037,87.40217608019579,87.47148132324219,87906300
2006-05-19,87.9289163211356,88.35861205376347,87.1873390247453,88.08831787109375,124309400
2006-05-22,87.51996847186899,88.1367939333433,86.97938034047799,87.41600799560547,110852800
2006-05-23,88.1437601346867,88.4556363964576,86.75070190429688,86.75070190429688,92006500
2006-05-24,87.10414151972255,87.94274695604271,86.46652494977415,87.44374084472656,168405000
2006-05-25,87.96356343868638,88.52494812011719,87.6239640154565,88.52494812011719,78977900
2006-05-26,88.71898523516063,88.97542572021484,88.37245904463673,88.97542572021484,62989700
2006-05-30,88.69125497571366,88.71204601547454,87.36057555451754,87.39522552490234,72419900
2006-05-31,87.7556413770634,88.37246704101562,87.46455089044284,88.37246704101562,86926200
2006-06-01,88.28234562323125,89.36352728557675,88.20610828525658,89.21797943115234,73721700
2006-06-02,89.57842480859091,89.70317111709048,88.93388106406472,89.40515899658203,91702600
2006-06-05,89.30117420062788,89.30810102370687,87.85959656486662,88.1021728515625,86105100
2006-06-06,88.16452478235824,88.28234419818091,87.15958576185913,87.88729858398438,130498600
2006-06-07,87.95662294847875,88.46948805925086,87.18039052834064,87.2289047241211,108599400
2006-06-08,87.03485999267112,87.67247673626213,85.84972279937105,87.15267944335938,204957200
2006-06-09,87.57540682385186,87.99124340355301,86.83382991562928,86.87541198730469,94972200
2006-06-12,87.24275743787017,87.27741269852193,85.81504953154416,85.93286895751953,95815900
2006-06-13,85.75960148216559,86.52196961211718,84.93486022949219,84.93486022949219,185688800
2006-06-14,85.13582252380381,85.68334271057569,84.78929116161774,85.59324645996094,163566400
2006-06-15,85.90512274247152,87.57540644961644,85.84274963522493,87.40907287597656,134057000
2006-06-16,87.21766855882531,87.4056203311526,86.63988243004275,86.77214813232422,94253500
2006-06-19,87.29423609740623,87.34992747414732,86.00640354864473,86.08993530273438,95804400
2006-06-20,86.32662289301967,86.88352073958717,86.12474563116899,86.38230895996094,65494700
2006-06-21,86.31963909626127,87.50305137881782,86.29179341406902,87.0227279663086,75008200
2006-06-22,86.9809623951061,87.05753669831631,86.3474903452104,86.63986206054688,74566100
2006-06-23,86.54940985127686,87.2246534125289,86.34056977486068,86.62598419189453,54107000
2006-06-26,86.69554208231968,87.05752530473997,86.49366488309703,87.00879669189453,37899600
2006-06-27,87.0227492727701,87.21766378481755,86.15954884652837,86.25701141357422,69780200
2006-06-28,86.45192209182527,86.85567128700941,86.07601327339434,86.84175109863281,62368100
2006-06-29,87.15502680488638,88.65169968975863,87.13414386177566,88.59600830078125,110634800
2006-06-30,88.78395301258917,88.8674900843897,88.38019846542022,88.60295867919922,54227800
2006-07-03,88.70738950473519,89.11113879009925,88.62385242275138,88.96495819091797,23914000
2006-07-05,88.60989756394397,88.72127498532453,88.07387745854825,88.45674896240234,69653400
2006-07-06,88.54725845365316,88.99974158642154,88.46372670121843,88.7143325805664,50100300
2006-07-07,88.5402977659507,88.79786107453559,87.91378309057094,88.13654327392578,81626500
2006-07-10,88.36628114780261,88.70738157445233,87.99733502964763,88.30362701416016,60964100
2006-07-11,88.13652504086102,88.69342803955078,87.67012183329518,88.69342803955078,73640800
2006-07-12,88.51247259497019,88.68650419452341,87.51701163308488,87.74673461914062,82561300
2006-07-13,87.32904504481496,87.48915643586108,86.31966400146484,86.31966400146484,102405700
2006-07-14,86.41017221698387,86.5006720523294,85.50521104069085,85.98553466796875,103242500
2006-07-17,85.98553245935088,86.38928705476873,85.7279690848095,85.8602294921875,81159000
2006-07-18,86.11778801497312,86.35447372991617,85.19890146788745,86.29878234863281,122771000
2006-07-19,86.44494182138172,87.89288542608467,86.12472444340294,87.49609375,133565300
2006-07-20,87.79544151800427,87.92074445110075,86.77909786556462,86.8974380493164,112259800
2006-07-21,87.12019810124823,87.14804378756453,86.19434894756247,86.28484344482422,101560000
2006-07-24,86.62595966005775,87.93467521004567,86.62595966005775,87.85810089111328,92884000
2006-07-25,87.69800530042342,88.61689192646413,87.51701095121183,88.17137145996094,95480700
2006-07-26,88.12263684160388,88.72130595971716,87.8372277844696,88.28971099853516,84525800
2006-07-27,88.67258017778256,88.88838297633916,87.85115080169032,88.2061767578125,87257100
2006-07-28,88.43590281916383,89.20164083441531,88.31059984859372,89.09026336669922,82137000
2006-07-31,88.86747260563202,89.07630727752539,88.72128143097885,88.9997329711914,49593100
2006-08-01,88.64469659037917,88.67254227219347,88.12956475436654,88.56116485595703,65225600
2006-08-02,88.81179555000239,89.42439009941181,88.79091261054928,89.15985870361328,64770900
2006-08-03,88.64471254016932,89.48702996130243,88.51245216652981,89.39653015136719,63693800
2006-08-04,89.85601055608407,90.09964845964906,88.74220921009002,89.24341583251953,96294200
2006-08-07,89.03457641601562,89.15987939283252,88.68651318163793,89.03457641601562,45377300
2006-08-08,89.16678868411029,89.42436256145352,88.37320536314077,88.69342803955078,90901300
2006-08-09,89.22947108263307,89.52185349912405,88.13655822877946,88.39412689208984,78910600
2006-08-10,88.11565567296374,88.75609050233545,87.90681568854967,88.66559600830078,69322300
2006-08-11,88.52636308134808,88.5472460165236,87.98338552270009,88.41498565673828,47482200
2006-08-14,88.84657951727831,89.21553084179311,88.35233058306778,88.4845962524414,57839000
2006-08-15,89.27820083723454,89.70979575801715,89.03455768662783,89.54273223876953,68143000
2006-08-16,90.0230540094129,90.41984045841508,89.82812888223745,90.2875747680664,71737600
2006-08-17,90.20405635391066,90.75399151284394,90.1414075298636,90.5173110961914,70992800
2006-08-18,90.6286824640427,90.97674560546875,90.21100244551378,90.97674560546875,58288400
2006-08-21,90.62174240733877,90.69135930595488,90.35722156110185,90.58694458007812,42133600
2006-08-22,90.48945923161246,90.85840531135172,90.27365116165038,90.57994842529297,60839900
2006-08-23,90.62172513128432,90.8027247843616,89.93256682778353,90.32935333251953,66592100
2006-08-24,90.4894604821468,90.56603479911568,90.0787378972896,90.25276947021484,57983000
2006-08-25,90.24582604644348,90.67046357520923,90.18317721975163,90.36416625976562,41756000
2006-08-28,90.25273786441447,91.06721468788017,90.24578042786983,90.79571533203125,52681500
2006-08-29,90.8375434301226,91.07422387160544,90.36417192511031,90.90019226074219,61817800
2006-08-30,91.10207509238234,91.22041532720053,90.87932012744452,90.95589447021484,50052200
2006-08-31,91.08810093912847,91.18555816450777,90.90014392516807,90.94190979003906,37510300
2006-09-01,91.29000978673375,91.59630708251774,91.08116975578601,91.48492431640625,48794500
2006-09-05,91.54756804574944,91.78425906607916,91.33177058719276,91.65895080566406,52348300
2006-09-06,91.26915112024943,91.30395957167276,90.72617326859931,90.85147094726562,53795600
2006-09-07,90.53819155935585,90.89322279666227,90.04394779823006,90.43377685546875,86269400
2006-09-08,90.55212206129065,90.81665348847355,90.37809046383784,90.69134521484375,45096300
2006-09-11,90.3989658565472,90.97675198648508,90.13443445145533,90.7818374633789,68496600
2006-09-12,90.88623320216297,91.77727387104358,90.75396752721242,91.67285919189453,69875600
2006-09-13,91.63803941045913,92.20189985212536,91.55450767748378,92.04179382324219,62898400
2006-09-14,91.86083588596172,92.05575041009502,91.71464468183929,92.04878234863281,57805400
2006-09-15,92.50953323471028,92.56546953722221,92.06904152040303,92.26482391357422,76703100
2006-09-18,92.14592796372473,92.56544478600964,92.0480421276924,92.3906478881836,64154100
2006-09-19,92.37671208094314,92.38371078871873,91.64257324031158,92.15996551513672,92089100
2006-09-20,92.46758330526504,92.83116393575938,92.33473592092525,92.64936828613281,75204100
2006-09-21,92.71930717991326,92.81719305845989,91.88727187788658,92.201904296875,88932500
2006-09-22,92.06208430905438,92.06907234842366,91.59362962101518,91.92224884033203,65966800
2006-09-25,92.1040345848667,92.88713241945342,91.62859185383411,92.62842559814453,92299100
2006-09-26,92.64243559078803,93.41154687074591,92.57251250396816,93.3975601196289,73962700
2006-09-27,93.3346405038341,93.67024786640575,93.18081823999592,93.50943756103516,82432200
2006-09-28,93.50938779611836,93.68418476029393,93.1877566877809,93.47442626953125,58597500
2006-09-29,93.55138237562049,93.64926829590921,93.32763703280905,93.3975601196289,47966600
2006-10-02,93.36954831885728,93.57231878620294,92.9570300146172,93.04792785644531,51687400
2006-10-03,92.91507895590937,93.6002801058752,92.74727002032645,93.24369812011719,73108100
2006-10-04,93.15281273097338,94.39037845800955,93.04793880019152,94.33444213867188,80890500
2006-10-05,94.33442745539806,94.6770333572285,94.21556679609209,94.5162124633789,60505900
2006-10-06,94.3553969331574,94.46028151047874,93.97084148716536,94.39734649658203,64983600
2006-10-09,94.28546411177726,94.60009643801779,94.13863000286103,94.45326232910156,41176800
2006-10-10,94.46027905993317,94.7049883964817,94.27848339812967,94.57913970947266,56403700
2006-10-11,94.27847857844431,94.69099681200905,93.90092186795907,94.4672622680664,104071800
2006-10-12,94.70500445491409,95.3622428263186,94.67004292411913,95.28533172607422,59158600
2006-10-13,95.2014253947887,95.5859808669578,95.11751559346786,95.53004455566406,53944000
2006-10-16,95.45311483248425,95.82368348731916,95.38319178982323,95.67684936523438,42273000
2006-10-17,95.41816263592324,95.57897284724872,94.85881024624743,95.37621307373047,90500600
2006-10-18,95.81674589742775,96.0474792828697,95.15951795349743,95.50211334228516,86848600
2006-10-19,95.36221097345357,95.70481679078895,95.25033837978188,95.65586853027344,64063200
2006-10-20,95.67684936523438,95.75376044465813,95.32026745268335,95.67684936523438,48094500
2006-10-23,95.48107667990703,96.34807332382177,95.36221604359554,96.11734008789062,66219900
2006-10-24,95.98451284399533,96.43898070574062,95.94256327752784,96.4040298461914,53234900
2006-10-25,96.30617609179639,96.77463085487415,96.14535514168061,96.73268127441406,78105400
2006-10-26,96.94938792200414,97.18710922579511,96.47393464566245,97.03328704833984,66843700
2006-10-27,96.91442476568557,97.01231063435003,96.22922368503436,96.42499542236328,80238000
2006-10-30,96.25021335789263,96.62777014722474,96.06841766741765,96.35508728027344,49717800
2006-10-31,96.53684681618091,96.66968351186011,95.96350780519379,96.341064453125,71274100
2006-11-01,96.64172979381311,96.70465412959697,95.5929481890492,95.69083404541016,83005600
2006-11-02,95.4461268820455,95.7957207972268,95.34125297499496,95.6349105834961,60693100
2006-11-03,95.97751685052371,96.06141597650453,94.82385052448903,95.46710205078125,71346400
2006-11-06,95.76076682920707,96.68368918754263,95.75376812312469,96.54385375976562,63303300
2006-11-07,96.6277439171106,97.17310950297082,96.48790850230819,96.91441345214844,63318900
2006-11-08,96.4879429096558,97.22209243511213,95.69086902541348,97.12420654296875,87517800
2006-11-09,97.1941350883293,97.2850329564074,96.41803586141125,96.61380767822266,95916300
2006-11-10,96.58583102103412,96.72566648891447,96.2921733378567,96.65575408935547,48991500
2006-11-13,96.61376635105026,97.21506829369271,96.53686593404973,96.89344787597656,59398200
2006-11-14,97.16613762786132,97.70451526659473,96.57182368015145,97.62060546875,96704000
2006-11-15,97.58565142093369,98.20092946204251,97.55767793297983,97.90028381347656,76509600
2006-11-16,98.19398052469938,98.36177884420005,97.52975394956003,98.15203094482422,76728800
2006-11-17,97.83732584052737,98.18691967659373,97.69749043985227,98.179931640625,56353800
2006-11-20,98.09608066840482,98.40372510210138,97.84437255617695,98.23591613769531,69174200
2006-11-21,98.22888922927976,98.35473790121435,98.0890431465637,98.3337631225586,51367900
2006-11-22,98.41074133439476,98.69741106326154,98.23594428051484,98.52960205078125,45505300
2006-11-24,98.05409325475246,98.47359950073364,98.02611977043206,98.1310043334961,30998000
2006-11-27,98.08206785338132,98.13101612244326,96.75361524504345,96.78157806396484,84545100
2006-11-28,96.65574509771078,97.29899672513014,96.56484725110151,97.20111083984375,106652900
2006-11-29,97.51575490565615,98.25689250671526,97.24307200208229,98.2149429321289,90034900
2006-11-30,98.19394973439086,98.62045477732404,97.71849641777587,98.25687408447266,83994300
2006-12-01,98.2569153938988,98.34781327251731,97.16618352553692,98.04016876220703,126080000
2006-12-04,98.06111063502765,98.97005710978199,98.04712388868208,98.78826141357422,87813200
2006-12-05,98.97703849856504,99.25672006287765,98.76727999252077,99.21475982666016,73374400
2006-12-06,99.19377609111184,99.33362219502803,98.9350800026346,99.13085174560547,53253200
2006-12-07,99.30568556120458,99.49446933654527,98.66243378575301,98.69739532470703,62857400
2006-12-08,98.67641343748147,99.21478055734725,98.43169335116936,98.8791732788086,79625500
2006-12-11,98.87910963574889,99.34756404998069,98.82317334720173,99.16577911376953,39779400
2006-12-12,99.06793055196988,99.19377924698655,98.50857812478871,99.08890533447266,77451600
2006-12-13,99.4454717523361,99.52238283240399,98.97701723510751,99.19376373291016,55520200
2006-12-14,99.18682165796172,100.15170462433505,99.17283490907941,100.06779479980469,64755200
2006-12-15,100.28783149563836,100.46360237324065,100.00660238275587,100.076904296875,70857400
2006-12-18,100.21756652749298,100.45662318818724,99.66213501045648,99.80274963378906,48954600
2006-12-19,99.52146619060355,100.23157662506263,99.26835571515835,99.9925308227539,65023600
2006-12-20,100.03470291200885,100.30187803067207,99.8448673946323,99.93627166748047,41469600
2006-12-21,100.02768174409925,100.14016693851467,99.35975463688801,99.57067108154297,48698400
2006-12-22,99.58477421129555,99.59180118609716,98.90278216833696,98.95903015136719,62069100
2006-12-26,99.00119467470516,99.56366367009362,98.98010302609592,99.54257202148438,32696900
2006-12-27,99.74643818746313,100.25969679203133,99.71831957196683,100.1964111328125,39727100
2006-12-28,100.12614161794299,100.33003114879702,99.83084778280714,99.98552703857422,37288800
2006-12-29,99.88002950463913,100.21750654428871,99.43708351446038,99.57067108154297,45461200
2007-01-03,100.01366802812444,100.44254956443837,98.8324924234477,99.39495086669922,94807600
2007-01-04,99.29648412005233,99.87301776524691,98.86057576367818,99.60584259033203,69620600
2007-01-05,99.36682060980715,99.4160308901408,98.69889324043876,98.8113784790039,76645300
2007-01-08,99.00819604553234,99.42301262023632,98.60743341260829,99.2683334350586,71655000
2007-01-09,99.35276949987629,99.55666980851984,98.71296067072315,99.18403625488281,75680100
2007-01-10,98.8394655005415,99.53552192757535,98.64260300711398,99.51441955566406,72428000
2007-01-11,99.54258099834774,100.27378324855074,99.486333020916,99.95037078857422,54476800
2007-01-12,99.94333981058993,100.70970916748047,99.91522118408459,100.70970916748047,55370600
2007-01-16,100.59015699347994,100.8502944438148,100.35110046074274,100.5128173828125,44871300
2007-01-17,100.43546216269526,100.8643434409767,100.35108486440666,100.55498504638672,50241400
2007-01-18,100.66043707204025,100.7237119957171,100.05578499110597,100.21749114990234,68177300
2007-01-19,100.21752492856349,100.61126072995164,100.16128768514024,100.41439819335938,56973000
2007-01-22,100.59017088068651,100.61126252939836,99.7886453168208,100.10504150390625,60253600
2007-01-23,100.02065847826935,100.59719211873299,99.88004391880607,100.40032958984375,54064400
2007-01-24,100.51986624753783,101.22997684326464,100.47768294675075,101.2088851928711,55834700
2007-01-25,101.14559063891878,101.18777393153042,99.84488189964584,100.0206527709961,73583800
2007-01-26,100.23864931927096,100.2948865750449,99.54259258675113,99.92929077148438,67255600
2007-01-29,99.97143234745913,100.40031365910268,99.6550469568175,99.87300109863281,66114600
2007-01-30,100.08393232630151,100.44250101980641,99.8800321201933,100.39328002929688,70407600
2007-01-31,100.28079491092458,101.33542007545414,100.11907799472465,101.06824493408203,91868600
2007-02-01,101.34949704936234,101.70807655283063,101.18076385074612,101.67292022705078,69312400
2007-02-02,101.75725149460692,101.91193069176762,101.51117875599718,101.8134994506836,49607000
2007-02-05,101.73621343781119,101.90495739492074,101.48310286625002,101.84168243408203,45705300
2007-02-06,101.92599130100312,101.96817458432943,101.47601839852213,101.86974334716797,57081300
2007-02-07,102.03147903796764,102.2002229483088,101.6447916767662,102.09476470947266,55669700
2007-02-08,101.79246818987681,102.0315140988505,101.43389932641628,101.96121215820312,70641000
2007-02-09,101.9892779910584,102.17911351612567,100.81512998083025,101.20182800292969,79084400
2007-02-12,101.20186808079069,101.2721700128851,100.6745553131569,100.85735321044922,65657000
2007-02-13,101.08232491771574,101.87680203348964,101.07528721617031,101.70806884765625,64081800
2007-02-14,101.8065110602591,102.57989661094732,101.79244638385975,102.37600708007812,66039400
2007-02-15,102.41816298090714,102.61502548501196,102.24941909387364,102.50956726074219,38715200
2007-02-16,102.25647578122987,102.4814569441804,102.10882351163431,102.46036529541016,39841800
2007-02-20,102.34079149188491,102.79076432226078,101.94706660633085,102.67826843261719,56911800
2007-02-21,102.37597859195853,102.69940168991624,102.19318076245305,102.63611602783203,63971600
2007-02-22,102.68536036839929,102.94549786342887,102.06664337675684,102.55879974365234,79067400
2007-02-23,102.467378431601,102.5025240189897,101.96818449790639,102.15802001953125,71966200
2007-02-26,102.53068050216385,102.61504709935024,101.77134894287397,102.06664276123047,69192800
2007-02-27,101.15964016883791,101.38462127182102,97.7285898406873,98.08013153076172,274466500
2007-02-28,98.7058728466926,99.82377281846303,98.29105623752505,99.08553314208984,177536300
2007-03-01,97.9676538940687,99.3105459754793,97.06068088486126,98.7902603149414,212828600
2007-03-02,98.46685604892313,98.89573745542367,97.48957031649783,97.49659729003906,162574000
2007-03-05,96.97630622861931,98.13640049106117,96.5544625471704,96.56852722167969,143750400
2007-03-06,97.57395893521573,98.51608855617509,96.82869189988351,98.22079467773438,143333300
2007-03-07,98.14339846516066,98.75508825123678,98.00981091730266,98.12230682373047,115144900
2007-03-08,98.81137053834357,99.24728969249854,98.48093109584295,98.95199584960938,117891600
2007-03-09,99.35277425751624,99.43011390791088,98.48798415089108,98.98014068603516,107765100
2007-03-12,98.72698383727203,99.37381937024578,98.54418598932385,99.12774658203125,80366900
2007-03-13,98.55826315946311,98.97309067587757,97.05366454321208,97.2013168334961,190605200
2007-03-14,97.32783559923054,97.98170877810036,96.14666056775229,97.92546081542969,231853800
2007-03-15,97.70751738396119,98.4246655764327,97.5879944732498,98.0590591430664,132435900
2007-03-16,98.33505670077987,98.56094097989258,97.4950670403068,97.78447723388672,121531600
2007-03-19,98.29975813656652,99.05504655624182,98.22211176417706,98.9632797241211,96161200
2007-03-20,98.87856442698792,99.56326122126143,98.79386322217171,99.50679016113281,82147400
2007-03-21,99.59855831727182,101.39852356830099,99.40091498954507,101.1444091796875,152368700
2007-03-22,101.27853626678049,101.41970854709095,100.791482744568,101.0667724609375,118942200
2007-03-23,101.13735760240247,101.51146896844982,101.04559077915368,101.21500396728516,74416800
2007-03-26,101.29267357006124,101.39855010521171,100.29739105662127,101.0809097290039,113787500
2007-03-27,101.02442713275762,101.05266805274815,100.50914343585973,100.84090423583984,99864600
2007-03-28,100.33266975813262,100.56560886659585,99.71149880223068,100.10679626464844,152907900
2007-03-29,100.61504153486113,100.66445777006379,99.66212031056176,100.21269989013672,139432700
2007-03-30,100.40327705535792,100.82679396120234,99.2174060233298,100.2338638305664,128194100
2007-04-02,100.3468017578125,100.55856558720176,99.86680302647979,100.3468017578125,79416400
2007-04-03,100.91851388637276,101.63144068075628,100.87616329255313,101.42674255371094,82417800
2007-04-04,101.42676125096739,101.61028411493398,101.05264990892765,101.53970336914062,63995200
2007-04-05,101.4126425480908,101.95616707679413,101.37029194573142,101.81499481201172,46822800
2007-04-09,102.10438095868574,102.2102682216212,101.75144495707154,101.9561538696289,50967400
2007-04-10,101.87857422271776,102.24563092053486,101.83622359811561,102.07621765136719,56620000
2007-04-11,102.22442898329341,102.25265913542245,101.3209025538202,101.65972900390625,106365700
2007-04-12,101.46204922178934,102.29497304519327,101.17969394802772,102.1114501953125,115534400
2007-04-13,102.28084819616915,102.57732391357422,101.89968205640135,102.57732391357422,84287000
2007-04-16,102.93731691467181,103.66436422616427,102.93026207201488,103.55142211914062,83064600
2007-04-17,103.74205810468395,104.04557803926228,103.5161737871546,103.8267593383789,108424100
2007-04-18,103.48085573565147,104.25730859495975,103.45968043399102,103.95378875732422,88345300
2007-04-19,103.44555688779033,104.04554170151434,103.31143946744221,103.92554473876953,102947700
2007-04-20,104.62438605934094,104.90673065185547,103.79145120113824,104.90673065185547,124114100
2007-04-23,104.73026276698118,104.9843772089788,104.44791817398642,104.51144409179688,77270800
2007-04-24,104.63142596952257,104.7514229427509,103.98909049762425,104.55377960205078,114471000
2007-04-25,104.98440487465993,105.64087184396206,104.48324147441336,105.51380920410156,108418800
2007-04-26,105.52083481263101,105.73965346251182,105.24554509653021,105.6337661743164,88741600
2007-04-27,105.23847915835165,105.69730253094701,105.0620111159891,105.54906463623047,108191100
2007-04-30,105.62669871602974,105.69729023306324,104.61730680112089,104.67376708984375,100874100
2007-05-01,104.76554855506009,105.50671650452117,104.23614441555286,104.9420166015625,134342700
2007-05-02,105.10431088131833,105.84547845487114,104.99843441541765,105.55606842041016,87129800
2007-05-03,105.8596794832607,106.16319943036909,105.6902662381199,106.12791442871094,86569700
2007-05-04,106.41025354593454,106.6714228608976,106.03614207340375,106.5302505493164,96409000
2007-05-07,106.50203191037515,106.72790547917526,106.45261567206249,106.55143737792969,63461400
2007-05-08,106.29025080582902,106.53024479963972,105.97261042922587,106.41024780273438,80584000
2007-05-09,106.33261224002099,107.8714195908312,106.14202368636285,106.69966888427734,102070100
2007-05-10,106.39612994926216,106.60083895016786,105.36556241139735,105.58438110351562,153617800
2007-05-11,105.70435077271515,106.53727471067853,105.68317547061464,106.48786926269531,113408900
2007-05-14,106.48783709478208,106.79842245943944,105.73254897884253,106.25489807128906,108027500
2007-05-15,106.37498211278783,107.05262444247448,106.0149910202802,106.2832260131836,180673300
2007-05-16,106.44550833023578,107.03138342992871,106.14904335884047,107.01020812988281,114166500
2007-05-17,106.85490244667044,107.26430948245576,106.66431399863642,106.79843139648438,101132800
2007-05-18,107.29961928831447,107.73020172119139,107.15844701556469,107.7302017211914,99182000
2007-05-21,107.7019774908192,108.16079009514624,107.64550642446663,107.67373657226562,174664600
2007-05-22,107.78669366726108,108.1113996511734,107.56082014125103,107.58905029296875,82148800
2007-05-23,107.9631326686196,108.35136446744185,107.5466707256799,107.60314178466797,133786600
2007-05-24,107.66666878130872,108.14666740220939,106.40316248221218,106.62903594970703,187593000
2007-05-25,106.93965877811394,107.30671540821383,106.71377446089645,107.07377624511719,83309200
2007-05-29,107.25024176559347,107.64552854051954,106.90436045215476,107.46200561523438,82020000
2007-05-30,106.91141841805882,108.37962325678919,106.82670642181034,108.33727264404297,129013600
2007-05-31,108.47134529906353,108.6266379955004,108.08311355797136,108.22429656982422,114866700
2007-06-01,108.61963853896498,108.98668439883667,108.35845845046128,108.76081085205078,107771700
2007-06-04,108.3795972916637,108.97959288384014,108.33724668906366,108.77489471435547,78008800
2007-06-05,108.52082845449117,108.63375985458927,107.8996572855396,108.3443603515625,126917900
2007-06-06,107.89961908570518,107.96314499528738,107.11610055526157,107.17962646484375,164096800
2007-06-07,106.98199944375631,107.64552110041757,105.21731876997897,105.24555969238281,232414600
2007-06-08,105.58437696058054,106.72083176248731,105.23849566582415,106.61494445800781,175886000
2007-06-11,106.5372514430299,107.2572438694628,106.37490390546466,106.79843139648438,102015600
2007-06-12,106.35375880517793,106.96786414784404,105.56318541960735,105.6337661743164,233898000
2007-06-13,106.23376574940806,107.34199026971311,105.68318629688548,107.21492767333984,193208200
2007-06-14,107.33492016747142,108.08314294240296,107.31374486408691,107.89962005615234,146396500
2007-06-15,108.56316056283151,108.93179911284807,108.41428376586336,108.51354217529297,154030800
2007-06-18,108.73328194542538,108.74036719444808,108.22286276926498,108.38591003417969,88537500
2007-06-19,108.1449075454063,108.73330786980009,108.01021206164215,108.65532684326172,110851700
2007-06-20,108.87507761775096,108.87507761775096,107.01772530403171,107.14532470703125,177119700
2007-06-21,107.10280312024058,107.83298418415454,106.51440279178217,107.7408218383789,205262000
2007-06-22,107.41475227233205,107.59198093726658,106.23086608863088,106.72710418701172,204964700
2007-06-25,106.50726353159422,107.22326291372904,105.64238742156101,106.21660614013672,232014400
2007-06-26,106.48605675787914,106.66328539112313,105.1178460843033,105.12493133544922,198445700
2007-06-27,105.01153711849172,106.74129070317328,104.96190789764898,106.62076568603516,213638000
2007-06-28,106.60653686523439,107.33671773550252,106.10320294809938,106.60653686523438,157705000
2007-06-29,106.9752195694703,107.50690557293125,105.7346188947281,106.64202880859375,199701800
2007-07-02,106.95392485003734,107.69828722244138,106.88303989187008,107.60612487792969,103357000
2007-07-03,107.88264952660916,108.10950745581272,107.74796480047368,107.99607849121094,54048400
2007-07-05,108.03853800449056,108.15196689177387,107.49268176664101,107.88257598876953,89279000
2007-07-06,108.02438013874857,108.58441775729241,107.70536000381153,108.44972229003906,81109000
2007-07-09,108.57735369835328,108.71913444312128,108.1945337885845,108.53482055664062,72348100
2007-07-10,107.9606124262135,108.18747031725444,106.88306989530793,106.9894027709961,180362600
2007-07-11,106.8689122840024,107.79050374076687,106.70586489937841,107.74797058105469,175607600
2007-07-12,108.01726985149591,109.70448936920289,107.99600328758986,109.44927978515625,133882500
2007-07-13,109.57692593621582,110.20785944583405,109.44931569373864,109.77542114257812,111794300
2007-07-16,109.87467465647015,110.25748377013998,109.58401708252603,109.76124572753906,98378700
2007-07-17,109.83207477002387,110.22197975395308,109.65484621525353,109.70447540283203,126201300
2007-07-18,109.33586098937236,109.73994737522563,108.67657581309587,109.5060043334961,237887400
2007-07-19,110.02350985132333,110.25745289529199,109.70450054306605,109.93135833740234,145212700
2007-07-20,109.80374994903123,109.87464571523356,108.34338802953496,108.818359375,245502500
2007-07-23,109.30043917774036,109.68325908903591,108.67660173483766,109.15157318115234,121183900
2007-07-24,108.54895405664476,109.3712972400251,106.8759158774661,107.25873565673828,256732400
2007-07-25,107.76921138339225,108.03150635033316,106.51442938610674,107.47855377197266,265214500
2007-07-26,106.471914667103,106.9043531242338,103.7780362858217,104.9335708618164,467592500
2007-07-27,105.06823742196846,105.53611283600632,102.82806469418642,102.87059783935547,422987600
2007-07-30,103.4518931488974,104.78465593939674,102.99818827809425,104.47982788085938,283017500
2007-07-31,105.15326831608188,105.95434500437185,102.82093401408133,103.3030014038086,316976700
2007-08-01,102.92020753464637,104.21752243850881,102.04824568086838,103.80635070800781,467670000
2007-08-02,104.04028395727778,104.749198428874,102.97691224988345,104.63578033447266,294758400
2007-08-03,104.40894491042953,104.6216214609697,101.51657194774776,101.94192504882812,359398200
2007-08-06,102.23256166849302,104.08991414002068,101.0415797200954,103.650390625,324980000
2007-08-07,103.4589794724537,105.62825601969384,102.95564543924522,104.75629425048828,232568700
2007-08-08,105.20994936654442,106.75537698852985,104.45140604988774,106.21660614013672,274930600
2007-08-09,104.51524959143691,105.59280255764827,102.99817313857096,103.0690689086914,357622100
2007-08-10,102.36015543186605,103.85596533109651,101.45983106537426,102.5870132446289,411018400
2007-08-13,103.85595938575256,104.1324355684952,102.80676910472604,102.95563507080078,181917200
2007-08-14,103.28886388154797,103.54407359204018,101.1763012218609,101.38188171386719,264134500
2007-08-15,101.1762801635434,102.40979531038137,99.68755535933126,99.98529815673828,323834000
2007-08-16,99.09911625315935,101.33220258601294,97.1212502950283,100.7367172241211,546743700
2007-08-17,103.1470508919764,103.3668126373555,100.23341211450571,102.5870132446289,388218100
2007-08-20,102.91312313523304,103.12579966203555,101.58036032996966,102.53739929199219,187320400
2007-08-21,102.5090410616729,103.48025046550605,102.18293563200439,102.74297332763672,157066400
2007-08-22,103.50862871588309,104.06867737169524,103.02657192487578,103.96233367919922,173156700
2007-08-23,104.45149028659752,104.67125211492056,103.22507087284576,103.87018585205078,203915300
2007-08-24,103.84179363417266,105.15328979492188,103.7000128966482,105.15328979492188,128901900
2007-08-27,104.81301735888425,105.15329330373284,104.01902573133457,104.17498779296875,113024300
2007-08-28,103.61495374188017,103.67875345557636,101.70088661075121,101.88520050048828,219790700
2007-08-29,102.34600254611757,104.0261375892554,102.05535576638998,103.88434600830078,207654200
2007-08-30,103.11164150942308,104.34515698828145,103.01239388357331,103.60787963867188,191817300
2007-08-31,104.67121050290723,105.27379209090388,104.08990629945782,104.62867736816406,185477500
2007-09-04,104.5294330310821,106.3229857163498,104.49398514530222,105.68496704101562,120062000
2007-09-05,105.06108895515271,105.17451783048456,104.21039402450967,104.77043151855469,166261800
2007-09-06,104.8838872758103,105.35177339359453,104.29548700353783,105.0114974975586,127878400
2007-09-07,103.84178653759331,104.1324440608198,102.9769100354701,103.55113983154297,235447600
2007-09-10,103.87014594063092,104.01192666405328,102.31762159879291,103.35263061523438,192305900
2007-09-11,103.67167988934469,104.70668919655587,103.59369884697847,104.55782318115234,162081900
2007-09-12,104.41607566066844,105.23133432344956,104.19631376231689,104.8272476196289,149554600
2007-09-13,105.30924349084633,105.94726216764249,105.06111910699447,105.564453125,154079000
2007-09-14,104.89099486952566,105.69206090411478,104.7350328131256,105.55736541748047,121911000
2007-09-17,105.13912327252267,105.3801516419525,104.65706653366303,104.9902572631836,109870800
2007-09-18,105.5077524763238,108.10946754474926,105.01151446086536,108.08111572265625,263759500
2007-09-19,108.75459462300765,109.44932792290075,108.25835655165544,108.71914672851562,193779900
2007-09-20,108.7049618421207,108.7687615598067,107.83299991554365,107.9535140991211,175186800
2007-09-21,108.7719396045079,109.06396522093043,108.08102931994279,108.2448501586914,141457500
2007-09-24,108.5653468554918,108.85026440705546,107.81033436371136,108.0453872680664,139450200
2007-09-25,107.4185808824101,108.02402117721257,107.17640911188649,107.83170318603516,142289900
2007-09-26,108.4442394237213,108.81462673291087,107.83168039519249,108.40150451660156,135547000
2007-09-27,108.91438251491851,109.04971701290084,108.40154171650906,109.04258728027344,102713300
2007-09-28,108.87162400513331,109.11379575510945,108.25193516802763,108.67930603027344,133372100
2007-10-01,108.6935116586098,110.22490338407894,108.62227958689523,109.90438079833984,148162300
2007-10-02,110.12523968847809,110.15372601021615,109.55541543727475,109.75485229492188,112978800
2007-10-03,109.55542507749465,109.98279602062664,108.98560077615018,109.5340576171875,119055900
2007-10-04,109.76915764524081,109.87599499261482,109.39877006017886,109.7050552368164,76864400
2007-10-05,110.42438818811391,111.18653038681097,110.13948151426979,111.00846099853516,134579700
2007-10-08,110.6807831137034,110.75201520004573,110.23917461015412,110.41724395751953,71280400
2007-10-09,110.83040976723252,111.4714553226486,110.4244062785729,111.45720672607422,94054300
2007-10-10,111.14374945622718,111.42866690846255,110.69502213025193,111.27196502685547,101711100
2007-10-11,111.77771211854838,112.19796413841893,110.07536918725442,110.73779296875,233529100
2007-10-12,110.73068661662397,111.3646132810267,110.59535212616255,111.3503646850586,124546700
2007-10-15,111.30761767531484,111.3717200474671,109.64800965136138,110.41014099121094,161151900
2007-10-16,109.98279602062664,110.06114699791769,109.31325328168398,109.5340576171875,166525700
2007-10-17,110.38873380409309,110.46708474246668,108.60092167928211,109.8687744140625,216687300
2007-10-18,109.29898204061837,109.82607131214554,109.03544283910092,109.46993255615234,148367500
2007-10-19,109.04255502032964,111.4571752032758,106.59944852078605,106.6065673828125,297169900
2007-10-22,106.02966643712443,107.3829898164796,105.88721306063904,107.22628784179688,261989800
2007-10-23,107.88158600336995,108.23059512305394,107.01972519800682,108.09526062011719,180085100
2007-10-24,107.70350585235798,108.0810121290144,106.01540046868345,107.89581298828125,326694200
2007-10-25,108.01690244455226,108.47275971074784,106.75617881571895,108.15223693847656,237374500
2007-10-26,109.02121597442753,109.42008972167969,108.19497128740838,109.42008972167969,176484000
2007-10-29,109.64085339316803,110.00412181779372,109.37019537562216,109.78331756591797,106841000
2007-10-30,109.29896695581512,109.5126523536179,108.88584475166063,109.02117919921875,132981600
2007-10-31,109.67649239418246,110.59533650569877,108.8644964345944,110.15371704101562,220954400
2007-11-01,109.18503035561211,109.27051105962343,107.26188297701182,107.57528686523438,333040800
2007-11-02,107.9314564866948,108.26622792937724,106.27897760675955,107.69640350341797,331228200
2007-11-05,106.58519143601228,107.6678561448108,106.10796687446397,106.87722778320312,226841000
2007-11-06,107.4541643811738,108.34451109291345,106.7703733244221,108.31602478027344,177800500
2007-11-07,107.1550197315577,107.64649290374477,105.0965383662534,105.35295867919922,306639700
2007-11-08,105.40998607565709,105.70201168739457,103.33013639051272,104.81879425048828,374509900
2007-11-09,103.77172157554249,105.08942856736903,103.20189734220166,103.37996673583984,277745100
2007-11-12,103.42984000632536,104.42702434644139,102.35429382324219,102.35429382324219,243087800
2007-11-13,103.54378313150583,105.6378808505961,103.4369458472636,105.47406005859375,191117400
2007-11-14,106.28606986458489,106.41427462237003,104.54811069131368,105.18203735351562,230558800
2007-11-15,104.3985347844255,105.05382888310004,102.9383635064525,103.66487884521484,263111100
2007-11-16,104.2133439738903,104.32731100932688,102.97398778612525,103.84295654296875,308770600
2007-11-19,103.47969879049863,103.53668230818715,101.9910410720558,102.39703369140625,267746000
2007-11-20,102.58221798660061,103.65775319742988,101.22176522858625,103.0238265991211,414767500
2007-11-21,101.91265357871342,102.50384513585257,100.90833981772434,100.91545867919922,259012400
2007-11-23,101.90554818911001,102.81013279809164,101.64199812082698,102.66056060791016,77688400
2007-11-26,102.87423819724279,103.19477177977728,100.18895974082075,100.39551544189453,214232000
2007-11-27,100.958246672199,102.01953350577722,100.39554119413822,101.5494384765625,293897900
2007-11-28,102.70328869804065,105.03955789739959,102.66767265134177,104.7973861694336,258596900
2007-11-29,104.43416451266918,105.21767441721987,104.06378789278739,104.83303833007812,199409900
2007-11-30,106.15786517061174,106.74905697443386,104.93987637224555,105.88720703125,222908000
2007-12-03,105.55240881563589,105.7375970606136,104.91135251811137,105.18914031982422,146430400
2007-12-04,104.46267846165617,105.08947561731249,104.21337685154981,104.24899291992188,136533900
2007-12-05,105.36722601268936,106.27182165819012,105.29600476982351,105.99403381347656,171130000
2007-12-06,105.865787581421,107.70346447594486,105.8230526787444,107.51114654541016,154457400
2007-12-07,107.85304945453446,107.91003295437288,107.23337155508992,107.48979187011719,148980100
2007-12-10,107.75335688580897,108.44426704285213,107.45420159128933,108.32318115234375,123914300
2007-12-11,108.36588920494412,108.90009728454031,105.29597517982334,105.35295867919922,250346400
2007-12-12,107.5966416920286,108.10236351928647,104.84724999789785,106.39289093017578,322435600
2007-12-13,105.64503297260109,106.40716445487402,104.91850668029329,106.17211151123047,237551300
2007-12-14,105.3672089638753,106.20058323166711,104.77602818291768,104.82588195800781,159152900
2007-12-17,104.42701127944991,104.6121995284433,103.18052557603102,103.33010864257812,177269400
2007-12-18,104.06379121931776,104.33444939349926,102.53951715778175,103.90708923339844,245569300
2007-12-19,103.94982416255885,104.62648590075767,103.23754636056077,103.90708923339844,198917200
2007-12-20,104.59084899516333,104.60509759154306,103.4084654710206,104.56236267089844,214813800
2007-12-21,105.5254150340755,106.27727777069077,105.32491976113448,106.06962585449219,146084400
2007-12-24,106.56373202623979,107.03632189245737,106.32026405895598,106.85730743408203,45601400
2007-12-26,106.44199766219822,107.17953639182865,106.33459335251455,107.08645629882812,67093100
2007-12-27,106.70693969334991,106.71409633814677,105.48964358118974,105.7402572631836,122981700
2007-12-28,106.3632159177512,106.41334520601204,105.1888816167516,105.47531127929688,116398100
2007-12-31,105.33208457193807,105.69727003962231,104.58737849808408,104.69479370117188,108126800
2008-01-02,104.92394078411844,105.25333215522461,103.02639212521348,103.77824401855469,204935600
2008-01-03,103.7639010706478,104.179215756297,103.1624153574335,103.72809600830078,125133300
2008-01-04,102.63973091850416,102.71134107489662,100.8997155651607,101.1861343383789,232330900
2008-01-07,101.54416447880263,101.84490747212055,100.31971164359223,101.10021209716797,234991000
2008-01-08,101.73750782449424,102.324669621352,99.13105750345709,99.46760559082031,326365700
2008-01-09,99.5964854455987,100.81378162628053,98.601165454043,100.5130386352539,301824900
2008-01-10,100.01895278820209,102.25306065515937,99.7969766083392,101.17180633544922,335701200
2008-01-11,100.80664218236711,101.60862362861872,99.53205984406965,100.35552215576172,267076600
2008-01-14,101.07877225712,101.58001078273958,100.53456106400697,101.1646957397461,170365500
2008-01-15,100.0977007082318,101.31500753470429,98.74435209724408,98.93769073486328,239940100
2008-01-16,98.35770728760636,99.61796517754495,97.58436349394778,98.08560180664062,378802600
2008-01-17,98.67990762251387,98.73003690492583,95.18554263039051,95.54357147216797,397892600
2008-01-18,96.48164771152112,96.68214305427327,93.8751973295666,94.56260681152344,348561500
2008-01-22,91.08972365201168,94.82754125376977,90.22329425953436,93.60308837890625,435923700
2008-01-23,91.00377241419818,96.08778656324193,90.82475798537514,95.85148620605469,511913000
2008-01-24,96.2954556679597,96.99720022095084,95.45766930278512,96.66065216064453,259949300
2008-01-25,97.74901821028904,97.92803260876481,94.94924132201851,95.26429748535156,269603900
2008-01-28,95.42185081834616,97.04014830891383,94.56258371270506,96.83965301513672,217934600
2008-01-29,97.45548023338178,97.70609393154848,96.5818887600757,97.31942749023438,168968300
2008-01-30,97.08312813224832,99.20265332639748,96.38139447314802,96.6033706665039,334939200
2008-01-31,95.52211007767197,99.20264688397914,95.37890069701777,98.36486053466797,343680800
2008-02-01,98.77304534636792,99.96886093249316,98.47230228813687,99.94738006591797,206843600
2008-02-04,99.68244641680157,99.74688901932173,98.55823002844885,98.68712615966797,124694300
2008-02-05,97.34093177436276,97.56290801873055,95.71547696308765,96.04486846923828,286882500
2008-02-06,96.36704412462974,96.84680146027927,94.81320026631539,95.27147674560547,250792900
2008-02-07,94.37645325707659,96.51745983567882,94.32632394896733,95.90164947509766,297368100
2008-02-08,95.30014092751706,96.10928983084568,94.59125061683379,95.28582763671875,221643500
2008-02-11,95.30723404176707,96.11637138679328,94.54820410156552,95.77266693115234,188576300
2008-02-12,96.60336622206309,97.6058428317996,95.93742674645729,96.66065216064453,256654400
2008-02-13,97.39103006188866,98.14289303452983,96.76806319155733,97.64881134033203,181967800
2008-02-14,98.06415623445606,98.09996132528516,96.51746809054801,96.7895736694336,215207200
2008-02-15,96.3097897767016,96.82535235071563,95.88731822821633,96.76806640625,154110300
2008-02-19,97.8994360489571,98.02116457968053,96.3885534570025,97.04016876220703,145190000
2008-02-20,95.9446124672319,97.77771914390019,95.77991126533828,97.32659912109375,220085700
2008-02-21,97.85646104573054,98.10707471868218,96.00187397595388,96.51742553710938,201051200
2008-02-22,96.64632976424157,97.27646417432702,95.13544725000546,97.11176300048828,205491000
2008-02-25,97.05449278633097,98.56537554537175,96.51029266064818,98.33624267578125,190107000
2008-02-26,97.92093761486689,99.49626312800561,97.74192310368798,99.07379150390625,212420700
2008-02-27,98.50091756127826,99.63229029222857,98.39351325265278,98.97351837158203,168395800
2008-02-28,98.27177712584674,98.78733961972029,97.77769549203667,98.00682830810547,170831100
2008-02-29,97.09747366019316,97.1547486878049,95.07818476225718,95.82289123535156,252715200
2008-03-03,95.3359306199722,95.81568801251314,94.69148300042156,95.59371185302734,189483500
2008-03-04,94.68434271968599,95.52212923703631,93.79643782583311,95.22855377197266,282513100
2008-03-05,95.53646879842691,96.50315158778575,94.76312475217571,95.8300552368164,270681400
2008-03-06,95.22133344692382,95.3931911986754,93.48131878089664,93.84650421142578,247911700
2008-03-07,92.92284454191781,94.33347959741523,92.07073382120666,92.8798828125,326434600
2008-03-10,92.97290050062111,93.03734305148464,91.3617711720126,91.65535736083984,235683600
2008-03-11,93.60307242446281,95.03518796225914,92.3356471141842,94.94926452636719,341440600
2008-03-12,95.04950345885041,95.78704201907317,93.91813097662194,94.06134033203125,229161100
2008-03-13,92.80825923122131,94.97791366263105,92.08504472947666,94.26901245117188,351504200
2008-03-14,95.07098003093031,95.09961753025208,91.4978483194837,92.80823516845703,484687800
2008-03-17,90.63146409892394,92.55765647325403,90.27343508605577,91.87024688720703,405311100
2008-03-18,93.53150207776787,95.7298056082979,93.07322534770852,95.68684387207031,334416600
2008-03-19,96.0519774365393,96.41716292249619,93.1161365573351,93.31664276123047,345971600
2008-03-20,93.58435026060305,95.64241479412065,93.01585787581307,95.0451431274414,245320700
2008-03-24,95.93025027084772,97.72925732260097,95.8798837831378,96.94489288330078,208977300
2008-03-25,97.04562133441553,97.54214895821411,96.26125702042995,97.0384292602539,192947200
2008-03-26,96.75779602074134,97.21113831207529,95.78632786167238,95.85108947753906,196934300
2008-03-27,96.57069329813342,96.74340192255427,95.2466267850421,95.54885864257812,225153200
2008-03-28,95.69997636559371,95.96622587689289,94.31113730931379,94.63495635986328,180896100
2008-03-31,94.47668287606513,95.51291306080584,94.33276445713369,94.96601867675781,166692100
2008-04-01,96.14613832478109,98.47045248232749,96.0741736468527,98.30494689941406,254547300
2008-04-02,98.62157823310169,99.06772851104627,97.8515978705651,98.36971282958984,210910800
2008-04-03,97.83718811038236,98.90219703394423,97.65728743503838,98.61434936523438,175884800
2008-04-04,98.6719218726306,99.2763965050053,97.95231914956821,98.50641632080078,204446800
2008-04-07,99.21160798192287,99.71533859138226,98.39846450203108,98.55677795410156,154245500
2008-04-08,98.00271662449231,98.52802364512975,97.83000798279154,98.45606994628906,148937300
2008-04-09,98.30495701125751,98.44168332522446,97.06723908939904,97.74366760253906,195610600
2008-04-10,97.44864302167888,98.34814682779421,97.074446363859,97.88040924072266,192967800
2008-04-11,96.77942701213291,97.23276950857348,95.71440649478467,95.98066711425781,222973300
2008-04-14,95.84394894625564,96.09580347015947,95.38340335197138,95.65684509277344,160522000
2008-04-15,96.12455278266027,96.20370953764548,95.22504919431408,95.87989044189453,172389200
2008-04-16,96.81536171187355,98.5208279171756,96.80097756079967,98.47765350341797,189268900
2008-04-17,97.88041462087553,98.76552334026853,97.62135707126396,98.6216049194336,179665700
2008-04-18,99.98164171530249,100.4277920577715,99.49230596977849,99.65061950683594,218530600
2008-04-21,99.4707029481924,100.01040510775978,99.1972613205942,99.70098114013672,118587400
2008-04-22,99.44188643130599,99.52823523082013,98.51359291547132,99.2619857788086,162166000
2008-04-23,99.36996355320031,99.86649131967506,98.67194784964438,99.10371398925781,193309000
2008-04-24,99.3627756548039,100.55731917506066,98.61438244537602,99.53548431396484,229381300
2008-04-25,100.3126364975543,100.665245859604,99.24043523995054,100.4565658569336,190788100
2008-04-28,100.65805776953627,100.92430733044746,100.2982563173778,100.47815704345703,105610200
2008-04-29,100.30546501199697,100.5501274047355,99.74417553205761,100.08238983154297,125514100
2008-04-30,100.23352286102126,101.169009198077,99.4923324584961,99.4923324584961,208395900
2008-05-01,99.57858930761229,101.55029296875,99.49943259988518,101.55029296875,187279500
2008-05-02,102.42825765137168,102.44984485647285,101.14736557412203,101.83098602294922,181585500
2008-05-05,101.5000112404865,101.90298718704535,101.03946573295197,101.3416976928711,118504500
2008-05-06,100.7587662134944,102.32749472130644,100.52129602115986,102.21955871582031,179339800
2008-05-07,102.10443419817382,102.2123702190322,100.1183345525133,100.39897918701172,199267300
2008-05-08,100.557301676907,100.97467262871635,100.01039650820006,100.13993072509766,178321200
2008-05-09,99.73697823025944,100.3054597577583,99.62903119422054,99.95285034179688,152588200
2008-05-12,100.20466963354465,101.14734735404473,99.83047317875126,101.07539367675781,147865900
2008-05-13,101.3200761394871,101.38483775603338,100.55009587521253,101.08979797363281,159132200
2008-05-14,101.51442134844011,102.32756543901101,101.0754629889944,101.29853820800781,181910800
2008-05-15,101.49279014678102,102.63696712490504,101.34167968381026,102.56500244140625,166927000
2008-05-16,102.8025106639684,102.80970274286518,101.90300668958128,102.6585922241211,204236800
2008-05-19,102.76654601500485,103.83875889010856,102.39955228312238,102.93925476074219,165664400
2008-05-20,102.37786075456796,102.4282272247535,101.46396241578172,102.10440826416016,178552100
2008-05-21,102.04684509913513,102.2699201529927,100.02476350737511,100.37737274169922,252724800
2008-05-22,100.3342075001744,100.8667174951727,100.02478358407542,100.39177703857422,170820400
2008-05-23,100.06079300852016,100.49975124992875,98.95980136667512,99.04615020751953,181376400
2008-05-27,99.16126962189607,100.02479079965252,98.96697378831394,99.7801284790039,168322900
2008-05-28,100.1471249978633,100.74439666716506,99.30519100049128,100.24067687988281,181288100
2008-05-29,100.11837938016812,101.4136561314908,100.08239703034882,100.74443054199219,173927200
2008-05-30,101.08257987893627,101.27687565882884,100.701191372647,100.99623107910156,117362000
2008-06-02,100.62208682837344,100.64367403952718,99.30521204664421,99.95285034179688,181069900
2008-06-03,100.24066587549345,100.4709330471433,98.75108290348346,99.36994171142578,271965700
2008-06-04,99.08930952666937,100.13993451132917,98.91661187129978,99.31958770751953,246637700
2008-06-05,99.72261546969919,101.38489714979632,99.53552258553944,101.30574035644531,237867100
2008-06-06,100.42059685725769,100.60049760011186,98.02431764480761,98.0746841430664,384276300
2008-06-09,98.48485770441394,98.94540314164428,97.44143564915592,98.31214904785156,228263900
2008-06-10,97.6285343224263,98.65757228664658,97.39826708011528,97.82283020019531,260234900
2008-06-11,97.84437560586149,98.05305554817832,96.37638001480084,96.38358306884766,283890100
2008-06-12,96.85854973976541,97.77243746986768,96.08137733019065,96.75060272216797,252791800
2008-06-13,97.26873016644548,98.24019854836993,96.72902794988072,97.97393798828125,244726900
2008-06-16,97.5422074249257,98.53525228748717,97.47744577785544,98.03153228759766,185832500
2008-06-17,98.635960899836,98.67193225556133,97.41262735768953,97.55655670166016,191707700
2008-06-18,96.92333179518747,97.52060361494947,96.21812391534164,96.60670471191406,265893000
2008-06-19,96.5346852398977,97.31906042574009,96.06694793792367,96.7289810180664,304204900
2008-06-20,96.07018164335135,96.25098220096163,94.89859756129765,95.15895080566406,289275700
2008-06-23,95.52778277652575,95.62903065035393,94.97092498806613,95.06493377685547,165096400
2008-06-24,94.77567471497906,95.78092558823016,94.15372022277525,94.87692260742188,267300600
2008-06-25,95.26020131114026,96.47517579499267,94.91306732078108,95.32528686523438,287853900
2008-06-26,94.42850742589812,95.04322261538191,92.62773014924588,92.7362060546875,297775000
2008-06-27,92.77236679836822,93.19182535095916,91.8755977171279,92.22996520996094,303423400
2008-06-30,92.49031360671107,93.22798281845816,92.06362702778587,92.55540466308594,258842600
2008-07-01,91.49951152315133,92.90975868609611,91.07282500600148,92.84467315673828,388622000
2008-07-02,93.14123052113116,93.40882290812257,91.08733839149224,91.25367736816406,288064600
2008-07-03,91.92623549731341,91.92623549731341,90.39304479004046,91.34767150878906,239352500
2008-07-07,91.69480483192771,92.09256271936282,89.61921259425381,90.41473388671875,372427300
2008-07-08,90.39304342718899,92.12872984899808,89.82171301447376,92.02024841308594,375973700
2008-07-09,92.20826721527713,92.38183417334425,89.95910825591265,90.2483901977539,336729400
2008-07-10,89.98806813717043,90.97162376917841,89.37334724656445,90.61725616455078,436475700
2008-07-11,89.65540595537726,91.05118686326388,88.58506393331844,89.56138610839844,481124600
2008-07-14,90.588315295816,90.76188229072817,88.51995642132884,88.75138092041016,322720800
2008-07-15,88.08603407115854,89.3082420913643,86.79872946332331,87.50023651123047,502502500
2008-07-16,87.83290096963007,90.08929371686332,87.57978131471481,89.64813995361328,371642900
2008-07-17,90.50150862727372,91.31149695016602,89.74214422971257,90.5448989868164,375490600
2008-07-18,91.24641344485067,91.42721398136703,90.50874968360553,91.1090087890625,267030100
2008-07-21,91.49230213628466,91.70203141409036,90.53767555451755,91.15962982177734,222863000
2008-07-22,90.50876970024262,92.42525691467921,90.29180680140237,92.19383239746094,296904200
2008-07-23,92.49032958273956,93.40156038863422,92.24444348141415,92.69282531738281,311698400
2008-07-24,92.81577751168817,92.86640696793164,90.51599956945545,90.76911926269531,248634500
2008-07-25,91.04393131965516,91.47785156855994,90.5232248139313,90.74742126464844,219131000
2008-07-28,90.7691385779614,91.16689660409506,89.25764262938287,89.416748046875,205201300
2008-07-29,89.66261924121669,91.39830026311665,89.41672760197045,91.32598114013672,261505600
2008-07-30,91.92622505510602,93.00380022338737,91.32596595077658,92.95317077636719,354710000
2008-07-31,92.13596467203276,92.98211546960567,91.57909586830387,91.72373962402344,277402100
2008-08-01,91.93347026205971,92.04917975071479,90.73295190139169,91.23919677734375,248690900
2008-08-04,91.15240805261976,91.22472717076887,90.22671009808293,90.3930435180664,188239600
2008-08-05,91.13794226116894,92.97487658071437,90.37858323302298,92.83023834228516,251577600
2008-08-06,92.58437163892324,93.51006980112274,92.19384169219602,93.24247741699219,209555400
2008-08-07,92.5409445454294,92.88808399801948,91.51399883780846,91.8539047241211,246312500
2008-08-08,91.54293211463676,93.96565276598234,91.39828836990327,93.56066131591797,260811700
2008-08-11,93.6329800307721,95.1083075106705,93.4594075480593,94.52975463867188,249425800
2008-08-12,94.21879937651917,94.52254303317518,93.09783354957008,93.54622650146484,213200800
2008-08-13,93.14118046883206,93.76313462853219,92.33119776231534,92.98208618164062,256393200
2008-08-14,92.45414487651315,94.21875959552935,92.38905934225122,93.68358612060547,239555300
2008-08-15,93.96566393588219,94.37789451917934,93.51005401799513,94.13923645019531,181000800
2008-08-18,94.32727182394488,94.36343414641706,92.32400937424542,92.85194396972656,172275100
2008-08-19,92.15042419221224,92.34569187859218,91.50677466729095,91.83944702148438,194673700
2008-08-20,92.1286955164009,92.53368684078114,91.36933126559498,92.26610565185547,225498200
2008-08-21,91.66588264391586,92.88809617813186,91.557401205907,92.42524719238281,180609800
2008-08-22,93.0544180685281,93.76315307617188,92.42523573772519,93.76315307617188,167715300
2008-08-25,93.14846509903072,93.76318047681445,91.66589807111819,91.86116027832031,171936900
2008-08-26,91.86115157223712,92.47587792695269,91.54294631963596,92.12873840332031,159117200
2008-08-27,92.24443021362279,93.17012802032893,92.06362968832569,93.0254898071289,171032800
2008-08-28,93.49558509264787,94.26217770460087,93.37264203556018,94.15370178222656,167537100
2008-08-29,93.82102434066194,94.1175399101476,92.93871671719127,93.1412124633789,189195800
2008-09-02,94.03797030860498,94.52975348603374,92.22273145159319,92.56263732910156,252364900
2008-09-03,92.48307800292969,92.93146526916138,91.79603824883336,92.48307800292969,251947000
2008-09-04,91.82498486434669,92.01301898259923,89.64814468206947,89.69876861572266,340042500
2008-09-05,89.16359561238662,90.36410833750665,88.23066415713829,89.9808120727539,289503400
2008-09-08,92.59880603075361,92.74345530077724,89.98081756413734,91.83944702148438,364075300
2008-09-09,91.91902223616178,92.10705640161052,88.80925528424414,89.11299896240234,377326800
2008-09-10,89.59752954953724,90.32796539336505,88.6284411479559,89.4745864868164,298916600
2008-09-11,88.31746398692316,90.93545269642631,87.9413957133135,90.76911926269531,375369400
2008-09-12,89.8868149096749,91.27536200733078,89.55414251237791,91.1885757446289,297851200
2008-09-15,87.96306657669707,90.8703420140247,86.7046965085372,86.84933471679688,483607000
2008-09-16,84.75930163975764,88.46209915250488,84.61466339654525,88.30299377441406,581744300
2008-09-17,86.52391292175065,88.12218916144951,83.89145728958842,84.33261108398438,624095600
2008-09-18,85.37399617951696,88.07877004718783,82.3003877561113,86.8348617553711,776114700
2008-09-19,92.16008169491988,93.10568856421277,89.70878703989038,90.2834243774414,501087800
2008-09-22,90.52350152325002,90.7417203049192,87.54848506039619,88.239501953125,249966500
2008-09-23,87.90488540615091,88.75592848654092,86.03549747466704,86.23189544677734,327470400
2008-09-24,86.8138255398318,87.28662922470583,85.67910113576164,86.5083236694336,311818400
2008-09-25,86.85015215978969,88.67589809502542,86.15186015397562,87.86122131347656,328253000
2008-09-26,86.43552474781572,88.37764954165867,86.20276078993413,87.90484619140625,285917400
2008-09-29,86.66102866945975,86.80650408791041,80.71826847829325,81.01649475097656,459562300
2008-09-30,82.56584638320284,84.9589545241578,80.39822683638342,84.36976623535156,328154400
2008-10-01,83.84604738815823,84.87894299782616,82.88589504854033,84.42068481445312,332783000
2008-10-02,83.61327019841492,83.72965497255903,80.78373058403116,81.35836791992188,365337800
2008-10-03,82.09303890540528,83.9769718221291,79.77994403246362,80.26001739501953,461798000
2008-10-06,77.93960303284531,78.28147618305434,73.2043069524413,76.17205047607422,610637500
2008-10-07,77.71418761971711,78.07061199388136,72.4842678803123,72.76067352294922,540012100
2008-10-08,70.9349050802597,74.32453724621705,70.41846004951923,70.9276351928711,725414800
2008-10-09,72.49153397331493,73.18982620379033,65.64680614776127,65.97412872314453,534485200
2008-10-10,63.10817924065655,68.33082487286295,60.795085369021294,64.37383270263672,871026300
2008-10-13,68.27994098902164,73.7208023071289,65.4285746658539,73.7208023071289,455584000
2008-10-14,76.15757083498318,76.76130459891978,70.63669499364083,72.6297378540039,546268300
2008-10-15,70.89126290405184,71.13857781129231,65.25400359082111,65.4794921875,484627500
2008-10-16,66.40329405852363,68.93460282509938,62.948198827778164,68.20721435546875,708811200
2008-10-17,66.91243601110611,71.71319680932936,66.66512669779569,67.79985046386719,476649000
2008-10-20,69.35648206882615,72.08418853888644,68.43997114101666,71.87324523925781,321294200
2008-10-21,70.53484130257708,71.74957837939793,69.2619118323735,69.7274398803711,356502000
2008-10-22,67.79258555063124,69.72744104133137,63.66829533039001,65.93047332763672,516168000
2008-10-23,65.67587697290085,67.24703249696883,62.41717560702729,66.69422149658203,634666400
2008-10-24,61.14422915901342,65.40672298006712,61.100587657964354,63.31184768676758,545812600
2008-10-27,62.53358636223016,65.10854215878996,60.882411461695405,61.06425857543945,397288600
2008-10-28,63.53008409210558,68.5490638900767,61.48612498194673,68.19992065429688,639939500
2008-10-29,68.20719349429936,70.68031464454613,66.9924564534316,67.7052993774414,531270100
2008-10-30,69.66924797087434,70.22206461278559,67.57437174033524,70.04749298095703,414582100
2008-10-31,69.16009931086683,71.69868359993632,68.7236673245663,70.43302917480469,411394000
2008-11-03,70.39665633110336,71.05858251285139,69.79292255974643,70.6366958618164,205419400
2008-11-04,72.05507740390445,73.36437845799499,70.34571614683703,73.03705596923828,346793400
2008-11-05,72.15690260811331,73.25526027377809,69.10187458319507,69.96746826171875,387844100
2008-11-06,68.70908072506805,69.42192352006079,65.50857190692079,66.09048461914062,477721900
2008-11-07,66.6651096397901,68.37447028706065,65.8286123508403,68.27263641357422,380391000
2008-11-10,69.2546307464892,69.48739475150066,66.134134662424,67.37796783447266,301773000
2008-11-11,66.01774855796928,67.02154218448429,64.48295915214418,65.2976303100586,418498200
2008-11-12,64.17746192274785,64.70117675367558,61.9152842263115,62.42445373535156,454330600
2008-11-13,62.64994912031789,66.72332783443134,59.711299870636395,66.31598663330078,753141900
2008-11-14,65.03579618684101,66.96337090878644,62.93363871261343,63.00638198852539,540352300
2008-11-17,62.83178882554345,64.4174952757599,61.94437990988057,62.16986846923828,415254900
2008-11-18,61.93714686612213,63.44284120333467,60.307797785888376,63.341007232666016,523811800
2008-11-19,62.489947605291036,63.18823988712786,58.86027505814078,59.282161712646484,558327600
2008-11-20,58.28561631481946,60.0168038373685,54.59048835939148,54.881439208984375,814180400
2008-11-21,56.343497009594806,58.84571453555944,54.07404351747347,57.841915130615234,718536500
2008-11-24,59.587641385257186,63.275499422259365,58.45291754295857,61.84981918334961,523305300
2008-11-25,63.500975586581944,63.6537264029639,60.969662866250786,62.30805969238281,454112400
2008-11-26,61.31881275460203,64.87573975447262,61.27516569940205,64.71571350097656,370134200
2008-11-28,64.46843199625833,65.55951459798614,64.35932817571202,65.5304183959961,118308100
2008-12-01,63.65374677864477,63.68284297434509,59.54400209063322,59.72584915161133,369927100
2008-12-02,60.71509570599394,62.184417470891,59.67493032779081,62.024391174316406,469508400
2008-12-03,60.66418049958452,63.88651063399114,60.475058002774155,63.515541076660156,519863500
2008-12-04,62.599041482904376,64.04654833802564,60.91150068280445,62.04623031616211,444173800
2008-12-05,60.84604498295975,64.31568544940725,59.82042460416868,63.959266662597656,471905300
2008-12-08,65.71226565582565,67.1961386637221,64.06837186089507,66.19234466552734,412859300
2008-12-09,65.73406407587014,67.01426312610099,64.72299506881485,65.10123443603516,370790000
2008-12-10,65.69769560436491,66.4541799246421,64.73754349584596,65.5449447631836,396187400
2008-12-11,65.13034614980049,66.19233235460078,63.551914940924625,63.96652603149414,365061000
2008-12-12,62.228036901793516,64.78843986129317,61.97344669783705,64.7302474975586,415060400
2008-12-15,64.7521195436597,64.846683597025,62.7663521164593,63.828338623046875,256694200
2008-12-16,66.83244323730469,66.93427716788405,64.1411084156507,66.83244323730469,377699500
2008-12-17,66.07592639048488,67.23247625110052,65.50856461149733,66.1850357055664,281819800
2008-12-18,66.48328352507065,66.67967590003924,64.16291335858186,64.94849395751953,374673300
2008-12-19,65.33639918940855,66.45100758015907,64.59577176084494,64.66910552978516,301451300
2008-12-22,64.95508143031202,65.02107510083897,62.68920363435302,63.84047317504883,243759500
2008-12-23,64.1851345496369,64.47845286469062,62.91654080930824,63.18052673339844,221625200
2008-12-24,63.393202735006675,63.70119016894466,63.06322299206776,63.54719924926758,62061600
2008-12-26,63.972485181865004,64.0164865699142,63.429849882302854,63.91382598876953,74767700
2008-12-29,63.97248554229,64.0384848274446,62.769885361035065,63.73050308227539,127795900
2008-12-30,64.17045908575368,65.29973074990048,63.708481008168796,65.2410659790039,168256300
2008-12-31,65.32173118958644,66.70765428726715,65.16774035590866,66.17234802246094,193987200
2009-01-02,66.31902743712956,68.51890666026743,65.88638161406304,68.16692352294922,227566300
2009-01-05,67.92490973599956,68.68020601595582,67.38227463299006,68.08623504638672,240349700
2009-01-06,68.66555965789165,69.25952522864019,67.96159901248325,68.54090118408203,328260900
2009-01-07,67.46298283668081,67.65364065900707,66.14305267378178,66.48770141601562,280899200
2009-01-08,66.11369923344175,66.7956563492193,65.75438163714713,66.75899505615234,263834400
2009-01-09,66.8470007407559,66.96432472592213,62.59389858277086,65.3290786743164,330953600
2009-01-12,65.14579291174935,65.19712882838441,63.3638950486357,63.75986862182617,277858500
2009-01-13,63.59848318257053,64.44176537621492,63.20983332248586,63.877132415771484,356432300
2009-01-14,62.72587895099684,62.87986979751857,60.98064376250268,61.86792755126953,435491600
2009-01-15,61.6846095788832,62.51322866027202,59.92470524841669,61.889930725097656,532647300
2009-01-16,62.96054571160141,63.055871800094565,60.89999390075038,62.37390899658203,399237200
2009-01-20,61.765276150639984,62.37390513112013,58.70011097351324,59.0814208984375,419855200
2009-01-21,60.08603667833796,61.772607403143006,59.008094957167884,61.63328552246094,364360700
2009-01-22,60.43800085585697,61.62593739504154,59.52138470991914,60.679988861083984,427940300
2009-01-23,59.3234080387432,61.58928084632615,59.08141999290952,60.94398498535156,386800600
2009-01-26,61.29596208244347,62.5938938867705,60.723994410536044,61.361961364746094,317978800
2009-01-27,61.691945470389236,62.43990755300618,61.083316459320564,61.98526382446289,273789700
2009-01-28,63.35652280642433,64.49312371605971,63.11453474894593,64.08248138427734,330007000
2009-01-29,63.143866734920145,64.1558091579458,61.94126654712195,61.99993133544922,294392500
2009-01-30,62.31523210426734,62.623213774628844,60.284007670876775,60.738651275634766,383383600
2009-02-02,59.814716053840925,60.99531835511567,59.6240582873802,60.55534362792969,288233300
2009-02-03,60.93666810819208,61.86061917198181,60.29137206063137,61.405975341796875,278385800
2009-02-04,61.81663838722835,62.60126213354996,60.89268709893869,61.105342864990234,322989300
2009-02-05,60.643323778547334,62.54255539852062,56.99886257350446,62.014583587646484,417679400
2009-02-06,62.2272614924042,64.04582549815079,62.095268492423955,63.78184509277344,366101700
2009-02-09,63.76714002511165,64.33910750329117,63.29783308944742,63.86980056762695,240075200
2009-02-10,63.261188081937235,63.81849235866823,60.46000889368419,60.94398498535156,536212800
2009-02-11,61.19329244826682,61.63327267961361,60.423338232572014,61.303287506103516,324442500
2009-02-12,60.25470575777996,61.464640754216354,59.43342088811828,61.34731674194336,469302200
2009-02-13,61.26665356842799,61.772622109031715,60.672682228769695,60.68735122680664,293998400
2009-02-17,58.7807698392094,60.83398689202465,58.054805737728984,58.09147262573242,478910100
2009-02-18,58.50944501528745,58.61944007644696,57.40217109688911,57.95214080810547,362964800
2009-02-19,58.54612111474924,58.77344579053394,57.21152783507224,57.328857421875,316867500
2009-02-20,56.26558080117136,57.44617751948456,55.561614517246,56.771549224853516,477176600
2009-02-23,57.39482712285608,57.39482712285608,54.69630929499908,54.74031066894531,379641400
2009-02-24,55.20963808114101,57.160194814806424,54.776992243657254,56.8155517578125,426260900
2009-02-25,56.56621936771818,57.50483347600186,55.458945414392254,56.36823272705078,461985800
2009-02-26,57.064872319830705,58.42146351915736,55.38563034643919,55.451629638671875,363353900
2009-02-27,54.27102135533462,55.502953929412065,54.1243593854551,54.21235656738281,470510900
2009-03-02,53.17838263759378,54.204993507459584,51.60180785286964,51.77046203613281,426452600
2009-03-03,52.51111942888399,52.57711312259796,51.06653112426616,51.3818473815918,443761000
2009-03-04,52.23245935947407,53.435059351504485,51.38183685094556,52.59910583496094,462753100
2009-03-05,51.40383519664525,52.59910629778162,49.988579565029845,50.450557708740234,485549400
2009-03-06,50.89054210853708,51.66049650451248,49.203965745687896,50.53855895996094,490470000
2009-03-09,49.827231499550216,51.330483614668424,49.665911821921675,49.94456100463867,379905300
2009-03-10,50.97118549324957,53.06840340636849,50.868524945998736,52.9217414855957,406227900
2009-03-11,53.53042362885684,54.080393734632764,52.67247160654685,53.26643753051758,356648300
2009-03-12,53.25175363714043,55.54695931491473,52.775111943244355,55.3636360168457,409702700
2009-03-13,55.73759783582994,56.4488928814861,54.7989837694478,55.79625701904297,337474700
2009-03-16,56.434226590470004,57.17485406046681,55.59093855171104,55.62760543823242,360644900
2009-03-17,55.78160846205496,57.4608504097368,55.326964705068185,57.328857421875,356814300
2009-03-18,57.05753809319746,59.323416831193015,56.51490272980318,58.61212158203125,473273200
2009-03-19,59.34539010960712,59.396720384921984,57.70281570495106,57.886138916015625,428520400
2009-03-20,58.167527112694756,58.278309458896516,56.52057717354328,56.65351486206055,371078200
2009-03-23,58.15275083722854,60.774575177349114,57.83517779576005,60.722877502441406,419933300
2009-03-24,59.99913650327314,60.82630537874384,59.46000412445565,59.52647018432617,330271000
2009-03-25,59.991765158409976,61.077417093282456,58.38912484243762,60.154239654541016,441775100
2009-03-26,60.745064462921285,61.52053562480934,60.05822034756032,61.380210876464844,422025200
2009-03-27,60.597360114426884,60.95185704158389,60.05083509690032,60.27239990234375,322332300
2009-03-30,58.9356336368354,58.98733133371612,57.57671389298643,58.18970489501953,324108500
2009-03-31,58.758378405010575,59.880964993235594,58.38172617855628,58.72883605957031,364238300
2009-04-01,57.99767476513309,60.13205967889488,57.849968689257956,59.86618423461914,377018300
2009-04-02,61.35802012393053,62.48798755075593,59.917861030534034,61.61650848388672,476230700
2009-04-03,61.66083490399339,62.244283428040774,61.05523103409771,62.229515075683594,284646300
2009-04-06,61.55002405666941,62.244254623314845,60.77455913771464,61.74204635620117,264866600
2009-04-07,60.745049513508135,61.04046729460227,60.19853028099056,60.30192565917969,258947800
2009-04-08,60.60471639557314,61.25463655078019,60.22067727764376,60.95183181762695,230402800
2009-04-09,62.53233417381816,63.38165838867371,62.28123266113797,63.374271392822266,269653500
2009-04-13,62.71696240651088,63.91340203847716,62.465860922742415,63.3890380859375,224847500
2009-04-14,62.79819856131791,63.33733647049434,62.09658621456007,62.295989990234375,276598800
2009-04-15,61.91932412593344,63.086221189029196,61.74946271582941,62.960670471191406,250726100
2009-04-16,63.46287781029443,64.36389943397559,62.606166878064776,63.883846282958984,335202900
2009-04-17,64.12755184272697,64.73315557222101,63.617956467858946,64.31218719482422,262649000
2009-04-20,63.17483126985305,64.2900303480911,61.55003682868447,61.61650848388672,293690100
2009-04-21,61.166018936540404,62.87204833684161,61.114321246671444,62.820350646972656,114090900
2009-04-22,62.251670604311094,63.765677466183085,62.089190554779684,62.43630599975586,340395200
2009-04-23,62.56187989178554,63.08624393293918,61.76425333568117,63.049320220947266,324903700
2009-04-24,63.536736946100916,64.4820693520696,63.28563549091418,64.00202178955078,287703000
2009-04-27,63.27823293259361,64.26049443313623,63.17483757828641,63.39639663696289,289581600
2009-04-28,62.753852076722275,63.95028531773095,62.598759087503474,63.19697570800781,247926300
2009-04-29,63.8986197039607,65.25753924072833,63.73614527754192,64.54115295410156,311505700
2009-04-30,65.397879829906,65.74498974911471,64.19405306791228,64.56332397460938,301419800
2009-05-01,64.57809698049417,65.14677168889114,64.04634598142714,64.91043853759766,236110300
2009-05-04,65.39786229173016,67.16297630160986,65.272305934808,67.11865997314453,287120000
2009-05-05,66.88973236083984,67.15560786660659,66.35059435341647,66.88973236083984,243036300
2009-05-06,67.70951915620336,68.09355845100775,66.91927957731298,68.04924774169922,291941000
2009-05-07,68.69173939438467,68.79513474293029,66.6755188284975,67.10387420654297,317728000
2009-05-08,67.96798352950677,68.84684984929822,67.53224668382465,68.66960144042969,299081700
2009-05-11,67.72426521680728,68.02706998972599,67.236830671015,67.38453674316406,247923600
2009-05-12,67.67254639307188,67.82025805371413,66.35794360378624,67.18511199951172,282431300
2009-05-13,66.27672594030398,66.47613534073399,65.36093587411327,65.4938735961914,269619100
2009-05-14,65.52337941298882,66.55733827115799,65.36089943939648,66.05513000488281,260098700
2009-05-15,66.00344649501194,66.46872554536498,65.10242509163498,65.51600646972656,271502700
2009-05-18,66.13645381949169,67.45843935015772,65.41268001100477,67.37720489501953,241447400
2009-05-19,67.34022438991735,67.92367293939967,67.06696196508376,67.29591369628906,206102200
2009-05-20,67.90890946206193,68.5366744369573,66.77156016232195,66.84541320800781,285722200
2009-05-21,66.06993509445098,66.32104218455027,65.183687371499,65.88529968261719,258988400
2009-05-22,66.0699553446945,66.46876863264566,65.49389358475196,65.7449951171875,166811900
2009-05-26,65.25752684237398,67.62085736866378,65.22798450646731,67.42884063720703,236318500
2009-05-27,67.53221975923883,67.76116576419103,66.1216031406186,66.2249984741211,246015800
2009-05-28,66.80847252857507,67.45838710877858,65.80405550077174,67.14820098876953,289095000
2009-05-29,67.51743048280548,69.20130340082474,66.97091161029192,68.33721160888672,258641500
2009-06-01,69.17922785098702,70.28704085200064,69.00197934852076,69.99162292480469,276246800
2009-06-02,69.71834813592517,70.4347345946554,69.59279738027449,70.05068969726562,230874500
2009-06-03,69.45243652875253,69.51890255261809,68.50710440294947,69.1644058227539,235310500
2009-06-04,69.42291252563713,69.91773406047784,68.90593564365808,69.81433868408203,210102300
2009-06-05,70.5233421562522,70.65627988160698,69.27521057141514,69.82911682128906,284257900
2009-06-08,69.30472274252176,70.23528649054248,68.71389299927947,69.54106140136719,238565100
2009-06-09,69.93251344427559,70.26485494624463,69.43768623662885,69.89558410644531,225125500
2009-06-10,70.51595668896772,70.52333804827221,68.82469569504678,69.71833038330078,296100400
2009-06-11,69.85127786942489,70.98124580982999,69.83650387949898,70.02852630615234,275414200
2009-06-12,69.71833434979222,70.2648536045644,69.42291655666848,70.22054290771484,184361800
2009-06-15,69.39336402721145,69.43767471755636,68.24124100124446,68.61051177978516,224190500
2009-06-16,68.85420760354977,68.89851827829365,67.63561333648659,67.67992401123047,227319000
2009-06-17,67.65040331014076,68.18954110857933,67.08172880884572,67.61347961425781,223445200
2009-06-18,67.7169110826152,68.44067901560783,67.39195083168838,68.10833740234375,211725100
2009-06-19,68.76038739039788,68.84950934524322,67.97310756840227,68.35932159423828,215655600
2009-06-22,67.69087218774993,67.72801010971835,66.28714486740337,66.3094253540039,251913600
2009-06-23,66.4505854950165,66.75509511894428,65.9901010314334,66.36145782470703,188309800
2009-06-24,66.96304356687226,67.6463385420966,66.5471202053175,66.93333435058594,211577700
2009-06-25,66.59909641610946,68.45587955919126,66.52482622367668,68.3890380859375,279411000
2009-06-26,68.15882570348779,68.50790200788092,67.78746889735982,68.2108154296875,167579000
2009-06-29,68.41135003646504,68.93867601162054,68.03256451448246,68.84954833984375,168481300
2009-06-30,68.86441130584231,69.11693122977165,67.78747310140845,68.29251861572266,228888200
2009-07-01,68.58216060384396,69.24318081977728,68.48560989055017,68.57473754882812,173041100
2009-07-02,67.68345280503598,68.59699254681325,66.66593933359985,66.70307159423828,212309900
2009-07-06,66.05694460793131,66.79222943201344,65.8489857216418,66.6956787109375,174499600
2009-07-07,66.6288292727208,66.71052821332727,65.3587898320944,65.40335083007812,197088900
2009-07-08,65.79697809807047,65.95295290023735,64.6160664991899,65.35877990722656,248050500
2009-07-09,65.81184979972552,66.02723741470132,65.29195256802863,65.48505401611328,163777600
2009-07-10,65.13600200539247,65.7227466235071,64.87605329267257,65.32910919189453,173520300
2009-07-13,65.5890296575218,66.9704772689818,65.05427501225284,66.91848754882812,217413500
2009-07-14,67.1264679577198,67.35671307777521,66.64370854423218,67.29729461669922,181487400
2009-07-15,68.18851175230698,69.45112786388214,67.34924769562741,69.26544952392578,220877900
2009-07-16,69.07237665921508,70.19387597437563,68.93868796160352,69.1540756225586,231174500
2009-07-17,69.85961612694105,70.05272318520915,69.47340767685802,69.91160583496094,138561700
2009-07-20,70.32010861170224,70.77316426268307,69.9561806133001,70.65432739257812,164179400
2009-07-21,71.20396414170294,71.22624464597075,70.12702588162732,70.98114776611328,217718300
2009-07-22,70.52805899458464,71.3970322536253,70.47606928677332,70.96626281738281,196068100
2009-07-23,71.01081417438255,72.84531680563613,70.95139575452721,72.53337860107422,258795500
2009-07-24,72.19174843287028,72.88990092162415,71.81296863559055,72.83048248291016,154003100
2009-07-27,72.69676131409737,73.08297532654294,72.29569553184312,73.04583740234375,159259400
2009-07-28,72.53342553644163,73.06075160436517,72.08779276561626,72.7042465209961,186685200
2009-07-29,72.36999369946469,72.85275286422919,72.0283462239829,72.52596282958984,194399300
2009-07-30,73.40239862215117,74.14511234533444,73.23157197257838,73.28356170654297,225575400
2009-07-31,73.26870385590635,73.87772883180814,73.06816799404345,73.38753509521484,207358000
2009-08-03,74.15991787313813,74.66496311656509,73.75885203278855,74.5981216430664,175776900
2009-08-04,74.2639261962845,74.89523157979983,74.10795703093046,74.79125213623047,176714600
2009-08-05,74.84322303776366,74.91007018693712,73.95939798967281,74.57585144042969,184726400
2009-08-06,74.91751321669257,75.02891570917116,73.84057523561331,74.18965148925781,193203800
2009-08-07,74.96952668139882,75.77908193758729,74.561031858075,75.16262817382812,220640900
2009-08-10,74.82093635979949,75.17744123753619,74.47186020167995,75.0066146850586,130898700
2009-08-11,74.67243520492306,74.72442493665699,73.870303058352,74.07083892822266,157301000
2009-08-12,73.94456299261097,75.42999016830154,73.9074307130917,74.86553192138672,219052400
2009-08-13,75.20718429239177,75.46713293143948,74.46447065713812,75.43742370605469,176449500
2009-08-14,75.4002401970496,75.45965861191554,74.0485024243349,74.85806274414062,199616100
2009-08-17,73.41720199548311,73.49147218553992,72.86759578931998,73.0161361694336,237667500
2009-08-18,73.1795641039109,73.85543614441802,73.0458754402092,73.5954818725586,173461500
2009-08-19,73.01614481124314,74.49414840062818,72.94187461239609,74.24162292480469,192812800
2009-08-20,74.33817158083528,75.17744123753619,74.17477941442762,75.0066146850586,174131300
2009-08-21,75.62308932911057,76.59604221352791,75.47454889375602,76.47721099853516,224605000
2009-08-24,76.78915465569926,77.20507243679536,76.1949815400293,76.46978759765625,191279000
2009-08-25,76.77429342849986,77.4353079634377,76.45492640976384,76.61832427978516,215310600
2009-08-26,76.38064326953429,76.97481625559786,76.12069471305155,76.62574005126953,194620700
2009-08-27,76.58113660148271,77.0341919772154,75.7121637659759,76.79652404785156,196230100
2009-08-28,77.41301867459683,77.50214065433893,76.25438193986845,76.78170776367188,147024400
2009-08-31,76.03154720826929,76.18751628980093,75.60077222130477,76.098388671875,176051600
2009-09-01,75.71963999855966,76.67774110543004,74.26392220045986,74.41989135742188,321276800
2009-09-02,74.1079326945526,74.59812619593706,73.95196358041741,74.13764190673828,171805000
2009-09-03,74.56844909615937,74.84324951092542,73.96684720661597,74.7541275024414,143572300
2009-09-04,74.90264046053073,75.82360343095247,74.6798298546699,75.80132293701172,142687900
2009-09-08,76.4994941653736,76.53663210873475,76.04643845534969,76.4549331665039,132909100
2009-09-09,76.58857056976309,77.3015744067464,76.35090262410199,77.0416259765625,154612500
2009-09-10,77.09366419026814,77.8809386933718,76.66288899683414,77.82894897460938,162902400
2009-09-11,77.9774694914914,78.20771447273168,77.45014371689436,77.81407165527344,152360100
2009-09-14,77.15305607478749,78.326544456504,76.61087853541213,78.19285583496094,149593800
2009-09-15,78.3191175501286,78.80931106261994,77.80664921105934,78.5196533203125,196795900
2009-09-16,78.80193420353768,79.72289774244977,78.52713372003578,79.70804595947266,206406300
2009-09-17,79.5966335681237,80.25764837174464,79.15100643831109,79.5892105102539,229170900
2009-09-18,79.96078067521131,79.96824477796464,79.37124181342752,79.639892578125,153799100
2009-09-21,79.0205243845294,79.84886351761756,78.84888982884806,79.43842315673828,151892000
2009-09-22,79.90857952361337,80.12499305390915,79.55037644401644,79.90111541748047,143126700
2009-09-23,80.08765652567396,80.61749404871237,79.09514133626922,79.23693084716797,225947400
2009-09-24,79.40857552680019,79.58021007686676,78.02054814343502,78.36382293701172,228636800
2009-09-25,78.19219472732865,78.62502176153737,77.67727961099608,77.94593048095703,204059000
2009-09-28,78.24444796728605,79.51307859823332,78.22952544634471,79.34143829345703,118285800
2009-09-29,79.48318200732002,79.86376585293603,78.93841636539568,79.10259246826172,133733900
2009-09-30,79.37127798856616,79.4459019697842,78.07280249634883,78.79666137695312,254383000
2009-10-01,76.86387069402667,78.90113889811991,76.8265558580595,76.84148406982422,281840600
2009-10-02,76.13253742675222,76.93849000986593,76.11015080390644,76.4832763671875,224748800
2009-10-05,76.78924809278033,77.84892340929635,76.56537045985115,77.62504577636719,149875000
2009-10-06,78.18473140791481,79.184710921369,78.13995816028587,78.7369613647461,202491100
2009-10-07,78.55786645506112,79.03547249225663,78.40861848268109,78.95338439941406,159200300
2009-10-08,79.51304994101939,79.9757219382428,78.99067080121276,79.55782318115234,183305800
2009-10-09,79.58022990728055,80.04290771484375,79.37128047594395,80.04290771484375,135008300
2009-10-12,80.41603233506962,80.6622909084273,80.05782924758901,80.35633087158203,118031000
2009-10-13,80.13990132512126,80.37870143791606,79.66976520433755,80.192138671875,157692700
2009-10-14,81.13243029001852,81.65480384565522,80.16230146561351,81.57271575927734,191421600
2009-10-15,81.17718686958366,81.87120056152344,81.13987773381099,81.87120056152344,173873600
2009-10-16,81.19211748130563,81.54285069647692,80.76675460549339,81.25927734375,192069400
2009-10-19,81.39362924316968,82.18465380101553,81.13990653346275,81.9309310913086,159530400
2009-10-20,82.05030158154807,82.0801523070929,81.1025652426357,81.49807739257812,180921100
2009-10-21,81.37121568275893,82.31895201705512,80.70705269959176,80.76675415039062,225379300
2009-10-22,80.73689790749846,81.84881030878252,80.22198289307362,81.5876235961914,238444000
2009-10-23,81.85630356120396,81.9085409223234,80.31902207471937,80.65483856201172,240033200
2009-10-26,80.74435122869022,81.57269024601163,79.55781494052023,79.78169250488281,242028200
2009-10-27,79.87122910777073,80.1398798744368,79.2219944995296,79.416015625,253266300
2009-10-28,79.2145364098583,79.46080058023637,77.87128247456218,77.91606140136719,248821400
2009-10-29,78.49817370811704,79.74441197521023,78.3116108887278,79.58769989013672,198110600
2009-10-30,79.32652458326507,79.56532479896921,77.19224516452657,77.28179168701172,325608100
2009-11-02,77.70714079914434,78.6623471839282,76.92358040083307,77.84893035888672,254222900
2009-11-03,77.41608548081045,78.20711549751786,77.26683754211905,78.09517669677734,228362600
2009-11-04,78.73696014383484,79.34888585686788,78.0951837016972,78.29666900634766,247996700
2009-11-05,78.84890343240863,79.75932510130116,78.6847272597321,79.7369384765625,180015300
2009-11-06,79.2966498393289,80.14737570607701,79.13993777897473,79.94588470458984,170954100
2009-11-09,80.55779493669947,81.81149687189111,80.49809918240913,81.7667236328125,159495700
2009-11-10,81.57272779301452,82.03540564872252,81.31900508383133,81.78167724609375,171899800
2009-11-11,82.31893637002953,82.69952592972592,81.80402711173251,82.19953918457031,169466200
2009-11-12,82.08758794131602,82.51295066927425,81.15477444198288,81.36372375488281,157144500
2009-11-13,81.57268970551038,82.15476453686472,81.15479099447506,81.80403137207031,150963000
2009-11-16,82.37118796646634,83.34878070302973,82.32641472584822,82.9905776977539,210922200
2009-11-17,82.77416898931128,83.12490791024425,82.46074490000929,83.08759307861328,147134100
2009-11-18,83.02788857407779,83.15474987875137,82.51297355771123,83.03534698486328,156486800
2009-11-19,82.46820023311405,83.06519762160111,81.43837020145627,81.95328521728516,208734600
2009-11-20,81.52792129711001,81.90851089915995,81.34882265226904,81.66224670410156,134196000
2009-11-23,82.62489997499716,83.38607338250283,82.53534781799077,82.69952392578125,148010200
2009-11-24,82.83389538167629,82.98314336624699,82.09510817919369,82.82643127441406,138420100
2009-11-25,82.96073484892919,83.20699908259577,82.6995480981211,83.11744689941406,109564800
2009-11-27,80.89361131011924,82.32641189506872,80.81152324284619,81.7667236328125,126001800
2009-11-30,81.69960225129354,82.23689845361108,80.68469993561689,82.04287719726562,160874800
2009-12-01,82.77416783503156,83.3263977295607,82.63238400238771,83.05774688720703,159613700
2009-12-02,83.04284103405399,83.5876069703333,82.77419011937454,83.02045440673828,132315100
2009-12-03,83.24428018986431,83.71441615084709,82.30400257445689,82.37116241455078,167324900
2009-12-04,83.46069247328883,83.86366861618819,82.11744435706645,82.84130859375,274907800
2009-12-07,82.7667205870414,83.22939267193215,82.45329076639118,82.7144775390625,127973800
2009-12-08,82.11746563052719,82.66222570475364,81.54284913786005,81.79657745361328,169863700
2009-12-09,81.77420006673891,82.22194960536514,81.35629556303606,82.10254669189453,155063400
2009-12-10,82.6099969392716,82.92342673757189,82.42343415874619,82.56522369384766,138014600
2009-12-11,82.91597747802734,83.10254029195622,82.54285185016958,82.91597747802734,124854000
2009-12-14,83.48311614990234,83.5801267473799,82.9308862131844,83.48311614990234,107141500
2009-12-15,83.17714269877166,83.52041750412572,82.83386789341759,83.09505462646484,120408800
2009-12-16,83.43086363070962,83.67712213237431,83.03534582033475,83.22190856933594,155358200
2009-12-17,82.62493066173279,82.78164272461467,82.14733036720384,82.22195434570312,183390100
2009-12-18,82.67963712610747,82.75466860140733,81.9893910564927,82.68714141845703,174591200
2009-12-21,83.09976709189783,83.8050158138118,83.09976709189783,83.52742004394531,118039600
2009-12-22,83.70746892279271,84.00757751280942,83.60243177490116,83.8275146484375,91707500
2009-12-23,84.0300923228321,84.11262233571969,83.65495798210517,83.9925765991211,111783100
2009-12-24,84.1726344360165,84.48024157953134,84.03008157306607,84.39021301269531,39677500
2009-12-28,84.7053534912643,84.77287493954522,84.27019618868617,84.57030487060547,87508500
2009-12-29,84.78787309041928,84.8028759468258,84.44275015210663,84.45024871826172,80572500
2009-12-30,84.20264656699248,84.51775800173078,84.15762655910481,84.42021942138672,73138400
2009-12-31,84.60779252207257,84.63030538964789,83.57242385333194,83.60993957519531,90637900
2010-01-04,84.30768169881482,85.07295312549117,83.66245026741743,85.02793884277344,118944600
2010-01-05,84.97541790966966,85.29052932812519,84.66780505539535,85.25301361083984,111579900
2010-01-06,85.17051167146083,85.52313892337453,85.1029902270161,85.31306457519531,116074400
2010-01-07,85.15550000561231,85.77822441908398,84.9154142433709,85.67318725585938,131091100
2010-01-08,85.44807678681221,85.99577529618249,85.27551824178877,85.95825958251953,126402800
2010-01-11,86.34093920076978,86.37844920818985,85.7107104006847,86.0783462524414,106375700
2010-01-12,85.50813232844658,85.68819522985875,84.94543075294914,85.27555084228516,163333500
2010-01-13,85.49308909475796,86.23585899469767,85.05793773639947,85.99577331542969,161822000
2010-01-14,85.89826585024811,86.38594167271995,85.84574726777245,86.22838592529297,115718800
2010-01-15,86.07831666342146,86.16084094101707,84.93040092829615,85.2605209350586,212283100
2010-01-19,85.24554453676286,86.37844632228602,85.2230316641466,86.325927734375,139172700
2010-01-20,85.74068623743413,85.86823051307442,84.76534058806803,85.44808197021484,216490200
2010-01-21,85.47061307458299,85.7332059874966,83.69997839879939,83.80501556396484,344859600
2010-01-22,83.42987697926151,83.83502276332213,81.84680956758042,81.93684387207031,345942400
2010-01-25,82.68711469642736,82.83717187443516,82.08690315668433,82.35699462890625,186937500
2010-01-26,82.03437848346685,82.88218579414519,81.80930130360848,82.01187133789062,211168800
2010-01-27,81.90683557849373,82.58958286784399,81.27661259518221,82.40201568603516,271863600
2010-01-28,82.6721177684318,82.71713206301372,80.96150588516096,81.45668029785156,316104000
2010-01-29,81.80929451854124,82.37950029693044,80.4438058005718,80.57135009765625,310677600
2010-02-01,81.14156113217675,81.83180696309432,80.65388533186258,81.82430267333984,187865000
2010-02-02,81.97432405713032,82.9721766431577,81.68921841189956,82.81462097167969,216327900
2010-02-03,82.43952568793925,82.88969150355732,82.1619299222837,82.40201568603516,172730700
2010-02-04,81.76430329077431,81.80181329950382,79.84361110717187,79.8586196899414,356715700
2010-02-05,79.94864255096331,80.18872834116664,78.4631135128605,80.02367401123047,493585800
2010-02-08,80.08368831946326,80.52634987810049,79.3859381220934,79.44596099853516,224166900
2010-02-09,80.37629759692028,81.14157500805953,79.73106594599774,80.4438247680664,337820500
2010-02-10,80.3162510530964,80.72889532363627,79.61099678011888,80.28623962402344,240511500
2010-02-11,80.18123699106818,81.21660598123944,79.71606822638975,81.12657165527344,223591600
2010-02-12,80.27123666901896,81.10403528080825,79.91111094311263,81.05902099609375,304622100
2010-02-16,81.67425350063026,82.41701793235218,80.89397334318562,82.33448791503906,159317500
2010-02-17,82.73213082917884,82.8371737181703,82.33448931577583,82.7246322631836,168845100
2010-02-18,82.58956363049306,83.38484646440875,82.55955220150258,83.21228790283203,193708600
2010-02-19,82.99472759262132,83.7074805846259,82.7996561233195,83.3848648071289,222684900
2010-02-22,83.69247616260058,83.71498330784956,83.15228178024113,83.39987182617188,132346900
2010-02-23,83.17480083750071,83.42988948565008,82.16943765432573,82.38701629638672,207497000
2010-02-24,82.634577291021,83.27980869923091,82.42450301376098,83.14476013183594,176350700
2010-02-25,81.95936480246439,83.09227233043917,81.73428758952629,83.0322494506836,259634700
2010-02-26,83.10725445772299,83.36985306012575,82.61208013349993,83.08474731445312,173589300
2010-03-01,83.42989110885185,84.0301084589114,83.40738395994157,83.94757843017578,147709700
2010-03-02,84.30769529209581,84.58529104573974,84.03009381435602,84.18014526367188,160992400
2010-03-03,84.3977275246773,84.75785903235563,84.04510030701829,84.25518035888672,150785000
2010-03-04,84.36771627483785,84.63031490922873,84.05260478248415,84.51026916503906,135770400
2010-03-05,85.05795870447803,85.78571448496928,84.8553829639768,85.71819305419922,176118800
2010-03-08,85.72570150774494,85.92076724439788,85.58314862595596,85.73320007324219,114631200
2010-03-09,85.47811381215907,86.27339680795812,85.4330995215579,85.8757553100586,154556700
2010-03-10,85.91327702182947,86.490981446487,85.83825129090071,86.2583999633789,186088800
2010-03-11,86.0558817348369,86.64109656521786,85.79328863895452,86.61858367919922,160791100
2010-03-12,86.99364473278017,87.00865331076557,86.38592897856434,86.62601470947266,162074800
2010-03-15,86.47597046023029,86.70855192147312,85.98079037927943,86.64852905273438,146816800
2010-03-16,86.88861745895812,87.42130755607813,86.64853170076185,87.33878326416016,168673000
2010-03-17,87.60135675523635,88.14155102249433,87.34626247387799,87.8564453125,177468100
2010-03-18,87.86398862415288,87.98402866791602,87.45884274376995,87.81147003173828,196509100
2010-03-19,87.36695861816406,88.36139129471653,87.02794395145254,87.36695861816406,226641100
2010-03-22,86.86974011654134,87.99224807512151,86.81700526764389,87.83403778076172,184477800
2010-03-23,87.96212104611435,88.5271397989199,87.6758411995187,88.4518051147461,182941600
2010-03-24,88.12033254298507,88.4668767155949,87.07316483184474,88.02239227294922,196072600
2010-03-25,88.6175298174899,89.0243439665213,87.773772247055,87.87924194335938,223396300
2010-03-26,88.04500509919136,88.45934880269506,87.47998625541175,87.82653045654297,205808500
2010-03-29,88.27101302113917,88.54222253774375,87.90940416411247,88.38401794433594,134513500
2010-03-30,88.4894821991532,88.76822689277236,88.0751385032893,88.44428253173828,145772500
2010-03-31,88.10526648580601,88.53468056293114,87.84912737733465,88.14293670654297,161078700
2010-04-01,88.74559020996094,89.08459907014651,88.2182360691911,88.74559020996094,161215200
2010-04-05,89.08464996491416,89.52912875765469,88.83604025998996,89.46886444091797,105847600
2010-04-06,89.21268721494191,89.83797597432924,89.11475270652016,89.67977142333984,110384200
2010-04-07,89.49898290212481,89.92086177951826,88.7531539254446,89.1675033569336,184576300
2010-04-08,88.85861055016463,89.6270392466561,88.59493629065001,89.47636413574219,158704000
2010-04-09,89.66471819307343,90.10166746378252,89.49898416580638,90.06400299072266,133006500
2010-04-12,90.17700303418138,90.44068308650718,90.07153331231856,90.20713806152344,110279000
2010-04-13,90.11672829684487,90.43313742581138,89.64964404860758,90.27493286132812,125043600
2010-04-14,90.60640546729114,91.29949951171875,90.46327129040324,91.29949951171875,161609000
2010-04-15,91.14882996672196,91.58577921221841,91.11869494141168,91.37483978271484,144615300
2010-04-16,91.05090563096546,91.37485000470471,89.46131879095063,89.92086791992188,366786700
2010-04-19,89.65718913593328,90.3502775180629,89.25037489050884,90.25987243652344,217947800
2010-04-20,90.82487406221634,91.14128891384303,90.30506074790294,91.06594848632812,157708000
2010-04-21,91.11869164549778,91.32963681503948,90.39546830721645,90.90022277832031,192910100
2010-04-22,90.2598846125054,91.28445268415766,89.74007112962016,91.17144775390625,115360300
2010-04-23,91.11115301413406,91.80424125831622,90.87760803689083,91.76657104492188,177335500
2010-04-26,91.79674614121356,92.00015618607625,91.32966747815277,91.4200668334961,143457300
2010-04-27,90.89269813913627,91.4125115612049,89.08463670966015,89.2579116821289,355853300
2010-04-28,89.68733964478882,90.16195347254333,89.09971513485073,89.93594360351562,300674100
2010-04-29,90.47835686665186,91.23925057921616,90.45575703073786,91.05091094970703,193775000
2010-04-30,91.06591292650208,91.16385314496026,89.48386227680544,89.50646209716797,270000900
2010-05-03,89.935943541845,90.91531197673388,89.80033877005532,90.66670227050781,182747900
2010-05-04,89.65719919152005,89.67226383296517,88.08267689387775,88.5346908569336,360353400
2010-05-05,87.81144943394791,88.74561794751585,87.36697075621927,88.00732421875,328973200
2010-05-06,87.58544676903885,88.14293036026089,79.10262981049054,85.08429718017578,647356600
2010-05-07,84.85828171682824,85.70957455941854,82.42493753290728,83.81864929199219,637558800
2010-05-10,87.24643653276362,87.87926059255116,86.5684185548272,87.51011657714844,396159600
2010-05-11,86.68895113179822,88.41414256296542,86.56841677620525,87.26150512695312,317849800
2010-05-12,87.60804091939839,88.61000887812729,87.4573658047392,88.48193359375,235607100
2010-05-13,88.2408777784959,88.65522724665952,87.30671486115416,87.38204956054688,234452500
2010-05-14,86.72661344298069,86.8848180033344,85.03155719218938,85.79998016357422,345601400
2010-05-17,86.03350098107089,86.27457536630996,84.20284039240123,85.84516143798828,325739800
2010-05-18,86.54583155180173,86.80197645764372,84.39876074956214,84.67750549316406,360556800
2010-05-19,84.20284194354197,84.9562001297504,83.14060988977485,84.1953125,394742700
2010-05-20,82.40232792691003,82.78654226525674,80.96341657767842,81.01615142822266,530418300
2010-05-21,79.78821406968449,82.402363648671,79.37386453030918,82.19895935058594,500909400
2010-05-24,81.75445986362104,82.40988381152829,81.06890663440986,81.14424133300781,269823000
2010-05-25,79.18548869400907,81.26475914101536,78.63553462463994,81.22708892822266,396505200
2010-05-26,81.72431482771188,82.47013797109116,80.49633706138226,80.73741149902344,349719300
2010-05-27,82.25920598995856,83.47211348047664,81.95032628537031,83.44197845458984,300870500
2010-05-28,83.35158393247002,83.41185399187613,82.0030715285217,82.39482116699219,297933500
2010-06-01,81.6263825110318,82.83175481656875,80.88809448849541,81.00862884521484,277909400
2010-06-02,81.42297047448059,83.12555617845047,80.99355645212813,83.11802673339844,240243700
2010-06-03,83.3591124666804,83.66798643803753,82.55301916645298,83.40431213378906,226618300
2010-06-04,81.822236260958,82.36465509584873,80.202514947789,80.47372436523438,398475600
2010-06-07,80.75999783111531,81.06887745616501,79.41149169285868,79.47175598144531,264609100
2010-06-08,79.53204572506525,80.48127891443764,78.83895737940787,80.32307434082031,357774300
2010-06-09,80.790169526492,81.57366311048008,79.5546619607295,79.8936767578125,268023300
2010-06-10,81.25723198149355,82.32699945761398,79.8861200162449,82.22906494140625,317890600
2010-06-11,81.50584690077564,82.68108416214078,81.45311204283408,82.62834930419922,214128200
2010-06-14,83.2611778541952,83.71319754670169,82.41742002321061,82.50028991699219,207196100
2010-06-15,83.08035196166851,84.45146383045565,82.93721204617759,84.37612915039062,238268700
2010-06-16,83.93916369248834,84.69252184247873,83.77342397986381,84.34597778320312,216374000
2010-06-17,84.58705232298851,84.62472252962665,83.66042501542228,84.48158264160156,263185800
2010-06-18,84.64889714982196,84.87597647770583,84.30070422705546,84.57320404052734,174006600
2010-06-21,85.62532631559245,85.68587731854682,83.86164913864849,84.3309555053711,213140700
2010-06-22,84.33097931570917,84.70187957920447,82.81709408918188,82.93820190429688,239355400
2010-06-23,82.99115235742804,83.28635938903874,82.11310230251223,82.6808090209961,254639900
2010-06-24,82.27209612891306,82.3780676348881,81.09883274488588,81.31077575683594,268523600
2010-06-25,81.55295337324822,82.06767431515797,80.81871849397876,81.65135955810547,238726500
2010-06-28,81.77250663231258,81.99202067522934,81.09882819285001,81.39403533935547,169218600
2010-06-29,80.25103783358077,81.37888626774662,78.38139479055987,78.88097381591797,373649500
2010-06-30,78.66151059115488,79.38817513581718,77.8742892240166,78.13165283203125,284101700
2010-07-01,78.07863153393554,78.33598924984783,76.54960422464478,77.7834243774414,382924800
2010-07-02,78.04834039453687,78.28299071779729,76.9204977044948,77.3595199584961,233385200
2010-07-06,78.4495271956473,79.00209781066022,77.11730666048972,77.86668395996094,256935300
2010-07-07,78.06346951406576,80.41756089679251,77.98020538605839,80.31916046142578,253769400
2010-07-08,80.99285431331322,81.2047973071403,80.16778969091303,81.11396789550781,210842100
2010-07-09,81.09127198042414,81.7271068718843,80.93988574556036,81.71953582763672,144999900
2010-07-12,81.44701357157226,81.93145631984079,81.10639174935669,81.77249908447266,131283600
2010-07-13,82.62029762925708,83.33181984687201,82.45376930970427,83.00634002685547,213025900
2010-07-14,82.74140053001473,83.32424961372605,82.40077864214182,82.99876403808594,184426800
2010-07-15,82.96849098685384,83.30911289668364,81.87849163537516,83.02147674560547,232337900
2010-07-16,82.5748770110281,82.66571221473737,80.57654872954028,80.73551177978516,282693400
2010-07-19,81.0307300571019,81.46975249754674,80.40246613928983,81.21239471435547,186709000
2010-07-20,80.13751563141284,82.17368731086401,80.09966619117573,82.1131362915039,258162400
2010-07-21,82.53700735808678,82.5597147081122,80.7127732392093,81.04582977294922,264527000
2010-07-22,82.00715691785781,83.218269674326,81.99959165001476,82.85493469238281,274781300
2010-07-23,82.68842350630582,83.6951587390139,82.4537731043268,83.57405090332031,222020800
2010-07-26,83.7178623655483,84.52779083226011,83.48321197402882,84.44452667236328,184445700
2010-07-27,84.9062360634552,84.99707123949051,84.103878887688,84.43693542480469,204855600
2010-07-28,84.26285278389408,84.520216279401,83.61188166439378,83.89195251464844,163056200
2010-07-29,84.41422080856631,84.6413058571373,82.81707752699766,83.48318481445312,220149100
2010-07-30,82.63542004240459,83.91465485014155,82.49160487926638,83.46805572509766,220070600
2010-08-02,84.7699876588122,85.48908648779907,84.42936584903775,85.35283660888672,188263200
2010-08-03,85.14089847204077,85.36040672413299,84.664020981255,84.944091796875,146657300
2010-08-04,85.17875369570854,85.61778180951278,84.89868861708591,85.51181030273438,158171700
2010-08-05,84.96681789679528,85.46640284975443,84.83813902406864,85.42098236083984,140473800
2010-08-06,84.58076295843895,85.2090266909396,83.96007026880352,85.0727767944336,239728300
2010-08-09,85.47398414184686,85.67079089733193,85.01981959266374,85.52696990966797,120800400
2010-08-10,84.80027207092091,85.51937095095323,84.30069299612144,85.06520080566406,242916300
2010-08-11,83.75568928030057,83.78596767348299,82.59756817238484,82.73381805419922,273406900
2010-08-12,81.48489150852781,82.52189942221929,81.44704205948157,82.22669219970703,239542600
2010-08-13,81.96931498292625,82.47646513976393,81.88605083478708,81.98445129394531,158698500
2010-08-16,81.4243096615248,82.21153060448667,81.12910252979077,81.94660186767578,147895300
2010-08-17,82.65055859471727,83.55888734154915,82.41590247802526,82.95333099365234,172270300
2010-08-18,82.91547782479671,83.55130671967677,82.43860615363667,83.1047134399414,182922100
2010-08-19,82.67327988127875,82.87765186250707,81.31835180012902,81.65897369384766,265847600
2010-08-20,81.41674269293071,81.70438457158684,80.80362104634455,81.39403533935547,209714200
2010-08-23,81.780072578249,82.18125119977799,81.04583739167107,81.08368682861328,163490300
2010-08-24,80.19803370105615,80.531090158261,79.45623348729623,79.88011932373047,280677800
2010-08-25,79.44112104377666,80.49327076244978,78.94154194660747,80.19049835205078,272234800
2010-08-26,80.56898378606802,80.67495530331647,79.38814923313384,79.65308380126953,224439500
2010-08-27,80.15265891173738,80.97015838182465,78.95668810642611,80.88689422607422,272649000
2010-08-30,80.67492793632559,80.92472033153865,79.7060425215735,79.71360778808594,167238600
2010-08-31,79.4184006937478,80.22076362003712,79.0929152083221,79.71360778808594,273933100
2010-09-01,80.78849201513582,82.21154212587459,80.73550626034805,82.0979995727539,256828100
2010-09-02,82.29481886255076,82.87766225433188,82.12071948447768,82.8625259399414,156112200
2010-09-03,83.67247194809343,84.0130939556624,83.22587261759716,83.9374008178711,212197300
2010-09-07,83.54375870062223,83.64973020497997,82.92306598580666,82.9911880493164,141973700
2010-09-08,83.15773008527869,83.9071017827388,83.1198806381786,83.57405090332031,149924400
2010-09-09,84.51262300211661,84.53533035089039,83.73297322748422,83.96005249023438,147017900
2010-09-10,84.11148755177784,84.48238791355017,83.92225184832039,84.38398742675781,127819000
2010-09-13,85.21660691869516,85.49667200974498,84.87597925320952,85.32257843017578,178503500
2010-09-14,85.15603449204183,85.75401978280975,84.83812001594137,85.26957702636719,209823600
2010-09-15,85.01977674077762,85.69345506710354,84.76241907679362,85.59505462646484,168608400
2010-09-16,85.33017383288853,85.62538109557309,85.04253184103062,85.57239532470703,199962900
2010-09-17,86.02283557196378,86.10654544758701,85.36837971123406,85.60428619384766,195836900
2010-09-20,85.90110623825,87.10347962989135,85.62714759696638,86.9132308959961,214555200
2010-09-21,86.98174605464604,87.39267831738927,86.38055920265425,86.73822784423828,268389100
2010-09-22,86.60122402106478,87.08826030428071,86.06852409472016,86.31204223632812,191322400
2010-09-23,85.60432690081497,86.50230124329528,85.36842030602197,85.6119384765625,202354300
2010-09-24,86.56316191160654,87.43830712728347,86.48706358979328,87.37742614746094,209671800
2010-09-27,87.40789821202378,87.50682548552386,86.87520396097425,86.95890808105469,128761800
2010-09-28,87.07302644032778,87.54484532173085,86.12939448345139,87.26327514648438,209207500
2010-09-29,87.04257617997447,87.44590826873284,86.76861760938685,87.11106872558594,179665800
2010-09-30,87.55248344993203,88.11561816529158,86.44142555978021,86.85236358642578,287106700
2010-10-01,87.50682742331347,87.60576050493627,86.70017445216646,87.2176513671875,174638700
2010-10-04,87.0349903230934,87.40026463015148,86.12940451838075,86.56317138671875,166153200
2010-10-05,87.36223023179414,88.51894010246595,87.26329716383593,88.30586242675781,229634100
2010-10-06,88.29063671540924,88.52654911175907,87.94057971461872,88.29824829101562,148626600
2010-10-07,88.65592651686308,88.67875544023595,87.65902482336988,88.19171905517578,164860000
2010-10-08,88.3134696765967,88.92987375197688,87.97863002778232,88.68635559082031,177760100
2010-10-11,88.82332708984478,89.01357581791387,88.46565855212603,88.77005767822266,103098300
2010-10-12,88.48086599531368,89.30274180203276,88.0090529182907,89.04400634765625,182210000
2010-10-13,89.53867197507849,90.21595704160457,89.32558850407385,89.73652648925781,194347200
2010-10-14,89.65280640169816,89.80500886371246,88.82332475595865,89.38645935058594,217764300
2010-10-15,90.01050087261221,90.06377029818783,88.85379085757081,89.56912231445312,243705000
2010-10-18,89.59955240823005,90.30727801206166,89.27232431600832,90.01049041748047,141204800
2010-10-19,89.18096657791247,89.68322003732789,88.29059840806899,88.8309097290039,280604700
2010-10-20,88.99076071757834,90.13225326323868,88.93749129768477,89.698486328125,200051800
2010-10-21,90.10180367592196,90.62688624592258,89.19621782315474,89.89633178710938,221585500
2010-10-22,90.0333336064224,90.20075346701005,89.79742696973919,90.06377410888672,108212400
2010-10-25,90.66494831702695,91.13676733048382,90.2616218760398,90.33010864257812,151145700
2010-10-26,89.87351787387006,90.43665260795467,89.69849225662227,90.3453369140625,158982900
2010-10-27,89.71370007424275,90.18551906431861,89.23427531443825,90.08658599853516,190024000
2010-10-28,90.60406030749049,90.64211237879844,89.6680397349967,90.101806640625,168576000
2010-10-29,90.01049507828718,90.3453347637401,89.85068681184781,90.17030334472656,144305500
2010-11-01,90.61167499885882,91.12915183441466,89.68326016395588,90.20073699951172,174074800
2010-11-02,90.87801696029288,91.12914669115327,90.63449880471241,90.91606903076172,158345900
2010-11-03,91.07587547169337,91.3346109667769,90.13984913245376,91.28134155273438,226702800
2010-11-04,92.29347555693421,93.08491107839299,91.2965739336605,93.03925323486328,215039400
2010-11-05,93.10011570003655,93.541494146937,92.9783595319543,93.38929748535156,180654100
2010-11-08,93.10009827943172,93.36645109626284,92.79570501321797,93.21424865722656,156107100
2010-11-09,93.46537386280347,93.56430108900473,92.17168512540009,92.54457092285156,186621600
2010-11-10,92.5217428661686,92.96312121348362,91.82162909134907,92.9174575805664,221387400
2010-11-11,92.11842915425774,92.70439263567128,91.83685896889125,92.56741333007812,158017600
2010-11-12,91.94344542457422,92.34677197615888,91.05308237983832,91.47162628173828,239068800
2010-11-15,91.76075067840962,92.1184191489402,91.30415497800159,91.34220123291016,163940800
2010-11-16,90.779088772955,90.93128544140549,89.48539386740299,89.9191665649414,299566200
2010-11-17,89.9571940294163,90.33769142695512,89.69084701232502,89.96480560302734,172308900
2010-11-18,90.83237505121302,91.61619907052416,90.82476347459813,91.28897094726562,197723700
2010-11-19,91.24328205831497,91.57811583834554,90.74863425339979,91.54006958007812,156852900
2010-11-22,91.08350695998827,91.50205078870373,90.38338704331153,91.46400451660156,181361000
2010-11-23,90.38334964620569,90.57359834579484,89.78977463243626,90.13983154296875,222309000
2010-11-24,90.71063103544783,91.49446101611069,90.69541368513254,91.47162628173828,140046100
2010-11-26,90.68016287568686,91.17480495851643,90.40620422363281,90.40620422363281,76007800
2010-11-29,90.17787072287166,90.92364807333189,89.59951313308181,90.68013000488281,223642300
2010-11-30,89.78220004305875,90.68778021954854,89.65282646990458,90.17030334472656,233930700
2010-12-01,91.47160275631622,92.26303830562232,91.46399698608117,92.0880126953125,221037200
2010-12-02,92.23257128360768,93.3360172731777,92.1793018776236,93.26752471923828,191213600
2010-12-03,92.9479304976065,93.62521559524313,92.92510157614726,93.5186767578125,151288900
2010-12-06,93.3208209559557,93.63283171351875,93.22189368952255,93.41975402832031,103050500
2010-12-07,94.31774281924305,94.37101224867506,93.41976829029454,93.47303771972656,206581000
2010-12-08,93.58715758380879,93.89155090630852,93.15339071272317,93.8154525756836,138019200
2010-12-09,94.34054096320348,94.37858722556528,93.71652536235133,94.18073272705078,123705100
2010-12-10,94.46988882901788,94.81994572111743,94.15788399720427,94.72863006591797,117571700
2010-12-13,95.16242725344084,95.27657185891314,94.75909502569128,94.78953552246094,133812700
2010-12-14,94.93410332979902,95.29938339621813,94.58404641102595,94.87322235107422,147249600
2010-12-15,94.6982173258961,95.07110324105285,94.2796677638307,94.4394760131836,160823100
2010-12-16,94.50035990177359,95.05588880973134,94.1731318175642,94.98739624023438,185035200
2010-12-17,94.92081870222889,95.21151542907245,94.72191786993419,95.08911895751953,141075300
2010-12-20,95.34923461646827,95.54813548945945,94.84433958375462,95.31863403320312,119085500
2010-12-21,95.61698126971557,95.9841824279982,95.52518535749321,95.92298126220703,94965500
2010-12-22,95.99184834290807,96.25194458159802,95.93829877397395,96.22134399414062,78878100
2010-12-23,96.11424927050341,96.2213484132904,95.84650141353596,96.08364868164062,70053700
2010-12-27,95.72405505357254,96.21365257737722,95.65520813762947,96.12185668945312,58126000
2010-12-28,96.31314734813937,96.3513937057442,96.00714730497387,96.25959777832031,55309100
2010-12-29,96.37434160205609,96.5426360690674,96.31314043052564,96.32843780517578,58033100
2010-12-30,96.23665436550293,96.4890990169925,96.03010184391562,96.17545318603516,76616900
2010-12-31,96.0300944630227,96.29019653753639,95.87709736257837,96.19839477539062,91218900
2011-01-03,96.93278429698621,97.6136312663223,96.16013557219651,97.19288635253906,138725200
2011-01-04,97.40709110405547,97.43769169124612,96.53499479675006,97.13934326171875,137409700
2011-01-05,96.83333104331636,97.70542724090011,96.74152929329432,97.64422607421875,133975300
2011-01-06,97.68248150594712,97.78958063296336,97.16228324481189,97.4529800415039,122519000
2011-01-07,97.5830314005481,97.7436800964276,96.50438848922427,97.26173400878906,156034600
2011-01-10,96.83334322627742,97.27704298584409,96.5426405661988,97.13934326171875,122401700
2011-01-11,97.49125603822621,97.7207517222471,97.11640316566637,97.48360443115234,110287000
2011-01-12,98.08027423155842,98.47041851412358,97.50652062330109,98.36331939697266,107929200
2011-01-13,98.40159687386314,98.44749483973462,97.95789708222011,98.20269012451172,129048400
2011-01-14,98.06498388401208,98.93708014459806,97.99613694387025,98.91413116455078,117677900
2011-01-18,98.82233531098643,99.17423916839864,98.70759039711899,99.08244323730469,114401300
2011-01-19,98.9982851258648,99.09772681892028,97.85078938761781,98.11088562011719,151958400
2011-01-20,97.88903320313285,98.22562797548657,97.25408417703026,97.9808349609375,175745700
2011-01-21,98.5928461802818,98.81469023963767,98.09559097983453,98.20269012451172,151462900
2011-01-24,98.14148140556475,98.87588382187852,98.11853242439217,98.76113891601562,113715500
2011-01-25,98.5010303689379,98.89883216156639,98.00378688285005,98.81468200683594,167552200
2011-01-26,99.05946495755876,99.48786140654003,98.86055826844049,99.19715881347656,141281500
2011-01-27,99.22011514364682,99.61027111018775,99.04416909040151,99.44197082519531,123302700
2011-01-28,99.55671285661482,99.71736736874401,97.54477277208886,97.7054214477539,295637300
2011-01-31,97.97320509959054,98.5163466196127,97.72840037236284,98.4398422241211,149249200
2011-02-01,99.0365212818217,100.1916626023549,98.97532011827361,100.01571655273438,167194300
2011-02-02,99.75561953735419,100.09222013700814,99.70207580900724,99.82447814941406,118323600
2011-02-03,99.64850110261973,100.19929985481343,99.12066299861756,100.04630279541016,145886700
2011-02-04,100.0845831912389,100.36762841456867,99.62558021071379,100.32937622070312,134634800
2011-02-07,100.55124031893841,101.28563114144862,100.5435828757689,100.9566879272461,112439100
2011-02-08,101.04850329441456,101.46925419704401,100.77310376477837,101.41571044921875,99072800
2011-02-09,101.14028215168406,101.46157956604887,100.68127917520256,101.1861801147461,146436700
2011-02-10,100.67365016342536,101.33919408446992,100.44414863698266,101.22444915771484,162708500
2011-02-11,100.8266290761325,101.9588216163424,100.80368009492713,101.82877349853516,137710300
2011-02-14,101.76755322269075,102.15769750288287,101.65280833820137,102.07354736328125,101690700
2011-02-15,101.75993100226037,101.91292810795962,101.22443529584756,101.75227355957031,119575400
2011-02-16,102.09654136149108,102.5172805239994,101.88998882901451,102.39488983154297,130183500
2011-02-17,102.09650892185938,102.83854530304254,102.00470134052249,102.70085144042969,109810500
2011-02-18,102.79265960958689,103.0374642917803,102.5555123692931,102.9150619506836,130002400
2011-02-22,101.8364123718229,102.93801008680467,100.5741717992819,100.84957122802734,233116400
2011-02-23,100.788371698476,101.0331763826475,99.6102812564577,100.22992706298828,227584000
2011-02-24,100.12280837854009,100.55120481924725,99.2201058731121,100.16104888916016,260431400
2011-02-25,100.58179595645284,101.29324919156457,100.52059479955624,101.23204803466797,141686900
2011-02-28,101.60689813757752,101.98939660367665,101.270297619742,101.85933685302734,141585500
2011-03-01,102.18065212036969,102.27244802254192,100.13045414607859,100.16104888916016,258565500
2011-03-02,100.02338606129867,100.84193868599274,99.71739184385913,100.37528991699219,200277400
2011-03-03,101.28559648504135,102.21889374371045,101.27795071741961,102.1041488647461,176480100
2011-03-04,102.02767280333249,102.22657954595888,100.6736361641789,101.33917999267578,277202300
2011-03-07,101.63751577214639,101.86701723808535,100.01572564592213,100.54356384277344,216790400
2011-03-08,100.70422538893821,101.74462199049508,100.2681830789027,101.42332458496094,174615000
2011-03-09,101.22442563128793,101.59162098449374,100.67362676501428,101.27796936035156,153806000
2011-03-10,100.21460434244884,100.35229819579202,99.30425606892155,99.4037094116211,301291800
2011-03-11,99.08244905971699,100.45178902837077,99.05950007559494,100.09223937988281,225621800
2011-03-14,99.44197893297311,99.81682004771284,98.73052554787496,99.48787689208984,234974100
2011-03-15,96.84100733367461,98.93710417966517,96.77216037680759,98.34805297851562,359585400
2011-03-16,98.03436003620264,98.35566904561088,95.83882240045546,96.5273208618164,468670300
2011-03-17,97.91964424404395,98.21799269318278,97.2311455781599,97.80489349365234,254303700
2011-03-18,98.99041096213662,99.02115034754786,97.96854914638244,98.16062927246094,230435400
2011-03-21,99.38225551599321,99.88933810618559,99.26700041359149,99.68190002441406,153992600
2011-03-22,99.66652737570077,99.79714044230242,99.2439487933781,99.33614349365234,129538600
2011-03-23,99.05954005004794,99.88164847639241,98.59087587727475,99.62042236328125,148603100
2011-03-24,100.18895237634435,100.71909520592523,99.62808189624751,100.57311248779297,159129800
2011-03-25,100.83438055383849,101.31841446754521,100.56546370561496,100.88047790527344,155642800
2011-03-28,101.09561001387522,101.35683616301047,100.60388537635704,100.63461303710938,109762400
2011-03-29,100.55008098007677,101.34145000683452,100.21970885519107,101.31072235107422,129798800
2011-03-30,101.84084867768192,102.30952448622075,101.69486595842021,102.00988006591797,135835000
2011-03-31,101.87927273709617,102.15586850390855,101.76401766213613,101.87158203125,132537100
2011-04-01,102.50162015829305,102.77821595175746,102.05599295084274,102.30184936523438,153850100
2011-04-04,102.51698085329262,102.70138196172385,102.09441403071678,102.38636779785156,100768900
2011-04-05,102.18660871823772,102.82431602910545,102.14051137204171,102.37100982666016,120791500
2011-04-06,102.86274939968204,102.95494410552514,102.2788183329688,102.69371795654297,120411600
2011-04-07,102.50928195774249,102.93953940353292,101.92536281326065,102.43245697021484,170731500
2011-04-08,102.88578691628,102.94725395472153,101.656469594727,102.07904815673828,147945400
2011-04-11,102.18661638616,102.53235823221239,101.5258603526122,101.771728515625,121385400
2011-04-12,101.20316561326669,101.40292469988991,100.6422949950883,101.0110855102539,161187400
2011-04-13,101.47977292662075,101.55659794234548,100.61925771920508,101.00341796875,162059000
2011-04-14,100.41945953590327,101.23387716733988,100.08908743862274,101.08021545410156,161220400
2011-04-15,101.26461576194636,101.70255222747457,100.9649713201732,101.44900512695312,170006700
2011-04-18,100.33496121141663,101.44134449615923,99.50517374785966,100.3119125366211,210759300
2011-04-19,100.4655593030472,100.91887719495494,100.21970290065762,100.88813781738281,124258800
2011-04-20,102.09441919552185,102.48625838166758,102.02526144908755,102.2634506225586,156133800
2011-04-21,102.7935295045337,102.8319478499565,102.26339854277767,102.78585052490234,135935400
2011-04-25,102.7090723862381,102.84737616387758,102.34028185193232,102.6783447265625,65757100
2011-04-26,102.99335529596618,103.76935470455525,102.88579090543266,103.56190490722656,146600000
2011-04-27,103.76168216793434,104.39169885916488,103.33910356328214,104.238037109375,143031000
2011-04-28,104.05363158544368,104.71438763293907,104.03827361766066,104.57609558105469,124791100
2011-04-29,104.61448428324077,104.92949838806008,104.47618054693436,104.8219223022461,115094100
2011-05-02,105.31364503220934,105.39814899116658,104.45311852119086,104.66056823730469,126278700
2011-05-03,104.46085605991578,104.6375664850588,103.75399091206383,104.28413391113281,138375000
2011-05-04,104.2380147237053,104.28411206637863,103.13163160499576,103.5926284790039,182678500
2011-05-05,103.01639256448196,103.68482750852604,102.2019748800977,102.65528106689453,226900000
2011-05-06,103.67719648367698,104.20733963913568,102.70910490461554,103.10863494873047,222787200
2011-05-09,103.10090883137508,103.80776214097897,102.93955640074336,103.50811767578125,114104500
2011-05-10,103.85383320830134,104.57605602466317,103.72322018971347,104.39165496826172,114806900
2011-05-11,104.23802240352492,104.25339209342758,102.81663676394685,103.2929916381836,193564200
2011-05-12,103.01640097202672,103.9998501493164,102.48625801852982,103.78472137451172,171550700
2011-05-13,103.83849281380182,103.9844755591779,102.61686624508378,102.98565673828125,157444900
2011-05-16,102.61690122363363,103.42364022794871,102.16359486668294,102.33262634277344,141675400
2011-05-17,101.94844730283776,102.45554163796638,101.51049899787027,102.3172378540039,192686200
2011-05-18,102.37100657508302,103.3390859853656,102.14818711069512,103.23152160644531,135217900
2011-05-19,103.56959289524518,103.74630330570207,102.90883687827703,103.47738647460938,119489500
2011-05-20,103.20847264942685,103.47737773416691,102.46320098194963,102.65528106689453,182594900
2011-05-23,101.40288082614947,101.97144190557944,101.1032364640415,101.46434783935547,168700000
2011-05-24,101.75633342921215,101.97914113815204,101.18777223687025,101.37985229492188,147199600
2011-05-25,100.97266952900225,102.14051986551318,100.94194187019589,101.71794128417969,151050100
2011-05-26,101.44132810378363,102.3710008236506,101.24924802910046,102.18659973144531,164850000
2011-05-27,102.47092678316837,102.85508712857863,102.15592420990089,102.5784912109375,120921900
2011-05-31,103.5465115438556,103.6617548787332,102.8319676967086,103.6463851928711,164731200
2011-06-01,103.3467627113432,103.66177685831535,101.23388181726398,101.31839752197266,233094300
2011-06-02,101.3875910135636,101.6027198425671,100.61927041751053,101.21086883544922,200466800
2011-06-03,99.99687307058517,100.97264304360095,99.94309675086988,100.2043228149414,234690200
2011-06-06,99.95078160093483,100.15823135747083,99.01342992904571,99.14404296875,179951200
2011-06-07,99.6511683910079,99.93545495346305,98.99810298783396,99.0826187133789,161660500
2011-06-08,98.92892018693503,99.25930402084082,98.48329299447938,98.66769409179688,198696400
2011-06-09,98.9366204207161,99.82786316781507,98.69844297435176,99.420654296875,160964400
2011-06-10,98.99809564272186,99.05955096252157,97.77646306709633,98.03768920898438,238629400
2011-06-13,98.2604770481185,98.52939382711085,97.61509084690091,98.11449432373047,207599800
2011-06-14,99.01344596581995,99.70494135839273,98.97503932482054,99.35919952392578,160570400
2011-06-15,98.52940627525676,99.34382397353914,97.33082253870975,97.59204864501953,300958000
2011-06-16,97.62278120861004,98.32195553658191,97.05422579433579,97.80718231201172,308032800
2011-06-17,98.7785396128581,98.78626255827744,97.76705172553207,98.09906768798828,233284900
2011-06-20,97.7670339241206,98.80940751244742,97.73614803894822,98.6009292602539,159479000
2011-06-21,99.1105377845801,100.14518843155896,98.63953834352846,99.95215606689453,193157300
2011-06-22,99.64331226607428,100.23012643247752,99.28812751946117,99.34989929199219,176703000
2011-06-23,98.18400458351364,99.32675311380152,97.43503791509015,99.0642318725586,334286500
2011-06-24,99.04103319136736,99.1182390558839,97.76701860925773,97.9137191772461,226129300
2011-06-27,97.97552407911164,99.16459847435894,97.78249167988714,98.78626251220703,168904700
2011-06-28,99.18000317629861,100.09112184877237,99.04102556181967,100.07567596435547,165556300
2011-06-29,100.53127433222872,101.09492565685784,100.09116657462498,100.93278503417969,244295500
2011-06-30,101.25707262430616,102.0600822033275,100.92506256023611,101.89794158935547,223322700
2011-07-01,101.9905813337951,103.54256914639446,101.75122307738214,103.40357971191406,202385700
2011-07-05,103.29546346585705,103.52710462713124,102.99433349072828,103.3186264038086,165936000
2011-07-06,103.0715428010542,103.57342212508603,102.77812990172352,103.4421615600586,143331600
2011-07-07,104.36101074413361,104.77795542901796,104.14481545837735,104.51543426513672,170464200
2011-07-08,103.33408515243725,104.51544226205287,102.99434631117988,103.7741928100586,194100500
2011-07-11,102.50020171906208,102.83221178313211,101.65858330469803,101.89794158935547,195918600
2011-07-12,101.68171065760808,102.5233287773781,101.42690657165087,101.4577865600586,214675700
2011-07-13,101.99056346628593,102.86307340581904,101.55045586134833,101.79753112792969,204062600
2011-07-14,102.0523390850428,102.52333847970199,100.90186206352853,101.09489440917969,226111800
2011-07-15,101.6585616084302,101.82070218779772,100.9713669003377,101.68172454833984,220012800
2011-07-18,101.21074883745243,101.36517240026933,100.09116327982663,100.84784698486328,196872100
2011-07-19,101.41148926885765,102.60829239229955,101.38832632558393,102.48474884033203,166554900
2011-07-20,102.74724777709544,102.80900775084665,102.24535668174487,102.42294311523438,137145400
2011-07-21,103.00205895078719,104.09849308486896,102.43840777835798,103.84368896484375,245246300
2011-07-22,103.86687448866063,104.02129804843923,103.28004846703458,103.91320037841797,126019400
2011-07-25,102.92490149476681,103.84373781326796,102.81680379739993,103.3341293334961,136653800
2011-07-26,103.26462744845864,103.43449692027704,102.71641019272398,102.94805145263672,131278200
2011-07-27,102.37666407933634,102.407555862102,100.70886126288273,100.84013366699219,249020100
2011-07-28,100.84011248976515,101.74350254685098,100.38454715286703,100.54669952392578,207939900
2011-07-29,99.53521173959055,100.80150358556183,98.80940816048007,99.85950469970703,307038400
2011-08-01,101.02542224660363,101.11808579938833,98.469675453944,99.4348373413086,325790900
2011-08-02,98.68584817898329,99.21861930390666,96.8945083618164,96.8945083618164,346653800
2011-08-03,97.02578154772465,97.5276609363106,95.38114218410453,97.41956329345703,370830800
2011-08-04,96.06834829159169,96.22277772180456,92.7018632943965,92.85629272460938,520721800
2011-08-05,94.0144857878923,94.25384403818278,90.2310502118977,92.7173080444336,655619200
2011-08-08,90.26965570037217,92.74819049702936,86.49393731739109,86.67925262451172,702263900
2011-08-09,88.07683558737133,90.83333841028022,85.14274033957089,90.70980072021484,717828700
2011-08-10,88.99566433767205,89.7832339818631,86.43991121250738,86.70243835449219,662607400
2011-08-11,87.45139651706798,91.82164680848697,86.7255928380997,90.59396362304688,487979700
2011-08-12,91.42012137407804,92.04554429776914,90.55533433258927,91.20392608642578,313731600
2011-08-15,92.03014682396723,93.22694440241091,91.88344028632683,93.13429260253906,258810600
2011-08-16,92.2462841105353,93.18828275513461,91.35061133669373,92.33893585205078,294095200
2011-08-17,92.84857812871165,93.5820988428148,91.6672208630453,92.40074157714844,238201100
2011-08-18,89.95307795860566,92.43161270446507,87.55175497702399,88.41654205322266,512956300
2011-08-19,87.21976802978048,89.47438528373726,86.86458908354471,86.97268676757812,428281300
2011-08-22,88.92615198472751,88.97248375994462,86.795078832917,87.04216003417969,275090600
2011-08-23,87.36646922658197,90.00715115988083,86.92635557103215,89.90677642822266,331136600
2011-08-24,89.7137331958762,91.29659521937442,89.50525492104768,91.17305755615234,246869700
2011-08-25,91.67495479607463,92.19228024132761,89.46666355327467,89.78323364257812,312365400
2011-08-26,89.32765767942469,91.50506248605802,87.90693643255915,91.0881118774414,314495900
2011-08-29,92.31580715323594,93.75969153308368,91.1576128277301,93.70564270019531,190977200
2011-08-30,93.29641930148121,94.53182546105445,92.08417608694977,93.95272827148438,241315700
2011-08-31,94.55496883669156,95.36570709064914,93.6593017654516,94.36965942382812,301828400
2011-09-01,94.42372906274161,95.28079338612577,93.25781172258169,93.38135528564453,254585900
2011-09-02,91.43558175646258,93.3273027269579,90.67117513586561,90.99546813964844,255517200
2011-09-06,88.32388554678619,90.46268737937969,88.31616260299428,90.3314208984375,285130500
2011-09-07,91.69810594058622,92.91806613832307,91.38925294600337,92.87946319580078,209803200
2011-09-08,92.32353437873648,93.38135403246108,91.70582835347457,91.914306640625,250568200
2011-09-09,90.86419082939192,91.92972731353052,89.01107903407608,89.50524139404297,380195100
2011-09-12,88.38568295235395,90.15386057725112,88.06138990959074,90.08436584472656,305793500
2011-09-13,90.37777229997188,91.25027662979956,89.73690331629102,90.91053771972656,272514700
2011-09-14,91.37381471691609,93.27325873103845,90.12296852576402,92.16911315917969,319389500
2011-09-15,93.15743681886477,93.79058285115627,92.19227482507395,93.75969696044922,326777200
2011-09-16,94.13610047130302,94.66386513916815,93.38325908553215,94.31460571289062,284528300
2011-09-19,92.77012001251045,93.85669502213037,92.14146133696465,93.37549591064453,241517000
2011-09-20,93.77131228694591,94.67937605082975,93.14265366908124,93.26683044433594,218932200
2011-09-21,93.31340739826366,93.60056953867371,90.37189621473262,90.51935577392578,316251300
2011-09-22,87.89606411868597,88.64114262714237,86.382624323596,87.59337615966797,513911300
2011-09-23,87.01129678604482,88.60235398859315,86.94144251910402,88.12115478515625,307242500
2011-09-26,88.95161706525303,90.3408804378776,87.68653643763498,90.2166976928711,260673700
2011-09-27,91.99399295101453,92.79339986418444,90.68234126550824,91.22563171386719,311753900
2011-09-28,91.4118974916514,91.96294490378968,89.23099061917559,89.36293029785156,286696800
2011-09-29,90.84532266044373,91.29547011039898,88.42381348637406,90.06919860839844,298108900
2011-09-30,88.8274165119121,89.60354074852596,87.75636719707387,87.8184585571289,288392300
2011-10-03,87.30619643630241,88.4393368868886,85.22618365706502,85.31932067871094,365136800
2011-10-04,84.09305495269845,87.37606288767019,83.37902211774664,87.18978881835938,459177500
2011-10-05,87.40709551235842,89.03695488659717,86.59992576329537,88.80411529541016,284108000
2011-10-06,88.7575631673375,90.54265117942155,88.09785878769172,90.41070556640625,257800800
2011-10-07,90.93847668971173,91.00056805065901,89.3008540532151,89.80533599853516,312657900
2011-10-10,91.334299847856,92.84773973153455,91.32653694755669,92.8089370727539,230666300
2011-10-11,92.25786774382014,93.16593145911413,92.16473072634516,92.90204620361328,209088000
2011-10-12,93.60058304727681,94.79581509877332,93.39103210588732,93.71700286865234,281544900
2011-10-13,93.16595187116977,93.81013639345613,92.45191901149127,93.53073120117188,212538800
2011-10-14,94.61730820383578,95.15282989874203,94.08954348789133,95.12954711914062,211397600
2011-10-17,94.67936663794302,95.114000111516,93.08055306684047,93.31339263916016,202311600
2011-10-18,93.24354630839613,95.85132368561618,92.51398777984147,95.13729095458984,318857900
2011-10-19,94.98207231162786,95.52536277496952,93.68594638906727,94.01191711425781,226601300
2011-10-20,94.2447676262419,94.76476945102627,92.99520711385324,94.42327880859375,262075600
2011-10-21,95.53311719913447,96.33253003433563,95.24595505805883,96.21611022949219,278999400
2011-10-24,96.37132184992647,97.63640784086564,96.2859477307334,97.39580535888672,203215600
2011-10-25,96.93015621873656,96.97672177847437,95.29253359256526,95.50209045410156,268596800
2011-10-26,96.51103928895964,96.83701001901001,94.85013404000868,96.47223663330078,289053800
2011-10-27,99.05674784778863,100.44601113347716,98.26510362266808,99.83287811279297,393220200
2011-10-28,99.34389108594874,100.00360134977724,99.18866862466989,99.8095703125,225906500
2011-10-31,98.69194862844266,99.82508324257347,97.26387712965622,97.40357971191406,228146700
2011-11-01,94.71045471942166,95.85912137781413,94.31462963777413,94.68717193603516,416565800
2011-11-02,96.10745163731036,96.54984215086571,95.3002818382808,96.23162841796875,244717600
2011-11-03,97.22506773973548,98.17970303072788,95.92894185602867,97.98567199707031,291174800
2011-11-04,97.19404571317806,97.55881914904828,96.24717314880398,97.38807678222656,249401600
2011-11-07,97.31818583506349,98.0943098187047,96.3945963996965,97.99341583251953,196617200
2011-11-08,98.50569197230622,99.35943341545006,97.56658230620634,99.25077056884766,224426300
2011-11-09,96.93013951291583,97.63641529445641,95.35460851884166,95.58744812011719,337982000
2011-11-10,96.85254178069476,96.96896159755323,95.47879860020889,96.48776245117188,231866500
2011-11-11,97.65970953565471,98.5600105288117,97.62866385708273,98.30389404296875,189924400
2011-11-14,97.93911661749239,98.91702886533234,96.95343554816188,97.37254333496094,159258300
2011-11-15,97.14746103974845,98.37373865076145,96.79820753142484,97.8537368774414,184709400
2011-11-16,96.86804277709021,98.05551165058527,96.16177295617605,96.30147552490234,235782500
2011-11-17,96.12298409576425,96.36358663207214,94.08954241564169,94.77252960205078,331219600
2011-11-18,95.07524347856598,95.26927458770591,94.275836256327,94.67166137695312,215580400
2011-11-21,93.29014993625259,93.40656977980663,92.08716067648547,92.87104797363281,229611600
2011-11-22,92.66921856548994,93.21250306601627,91.98622556899173,92.50623321533203,216494900
2011-11-23,91.63700686471398,92.50626831675356,90.46505737304688,90.46505737304688,224329100
2011-11-25,90.32531141846833,91.34979488917729,90.18560885785546,90.29426574707031,99557000
2011-11-28,92.77791896610283,93.27463814843843,92.21910840563534,92.90985870361328,210686000
2011-11-29,93.1736831665039,93.91099855521324,92.83218673146926,93.1736831665039,199241500
2011-11-30,95.84356529247607,97.18626261667058,93.13489378941394,97.00775146484375,324439500
2011-12-01,96.89911911547307,97.51225803217785,96.57314832573896,96.99225616455078,176954800
2011-12-02,97.88478612988011,98.17971119387254,96.8447766238983,96.90686798095703,221109700
2011-12-05,98.44359558201405,98.70748090224487,97.35702638505781,97.96240234375,225263900
2011-12-06,97.95460726479503,98.65312003434335,97.60535384069892,97.99341583251953,178842100
2011-12-07,97.66746697233528,98.7695678420579,96.99224270464019,98.35822296142578,237802500
2011-12-08,97.71405327983472,97.93136714247895,95.9677735561253,96.20060729980469,240862800
2011-12-09,96.63522005779132,98.07881145771988,96.54984592715574,97.83045196533203,209111400
2011-12-12,96.97669677183143,96.99222256864589,95.58743994612043,96.4023666381836,215826100
2011-12-13,96.90687343886765,97.45792094074471,95.03641117129115,95.50209045410156,245159800
2011-12-14,95.12179616560438,95.48657554879533,94.2758234865945,94.4853744506836,238618800
2011-12-15,95.48656293077794,95.61850262856036,94.67939302218748,94.82685852050781,199109200
2011-12-16,95.46731296880856,96.02966142360057,94.74093951092657,94.96743774414062,220481400
2011-12-19,95.33451390757234,95.53758762351735,93.74899079821515,93.95206451416016,183903000
2011-12-20,95.42824334941581,96.95909348143832,94.014551361759,96.79507446289062,225418100
2011-12-21,96.7950716070208,97.13092176620773,95.87343670219924,96.9825210571289,194230900
2011-12-22,97.34181320187946,97.94322228240871,97.02939940093631,97.84168243408203,119465400
2011-12-23,98.15410677941334,98.74770375497677,97.9510389910958,98.71646118164062,92187200
2011-12-27,98.54462866907474,99.05231005079513,98.45871308329538,98.79456329345703,86075700
2011-12-28,98.81016671901095,98.82578502271697,97.41990529167681,97.49800872802734,119107100
2011-12-29,97.81825999710699,98.60711861451844,97.52146447836658,98.50558471679688,123507200
2011-12-30,98.42748098977447,98.66960946589141,98.0213394165039,98.0213394165039,95599000
2012-01-03,99.78650118500113,100.27075215378666,99.52875441328084,99.58342742919922,193697900
2012-01-04,99.3491160180692,99.82555487705415,98.96640488769036,99.73963928222656,127186500
2012-01-05,99.20072457869132,100.15359636991735,98.74771614683665,100.00519561767578,173895000
2012-01-06,100.13017057267751,100.145794841487,99.41942127357274,99.7474594116211,148050000
2012-01-09,99.97393109516314,100.11451371521149,99.51311661679848,99.98955535888672,99530200
2012-01-10,101.0596123065666,101.2626801185043,100.71594991880701,100.8565444946289,115282000
2012-01-11,100.54410108131503,101.04397030729548,100.38008800909934,100.91119384765625,111540700
2012-01-12,101.20020837580441,101.30173632435925,100.39571945559102,101.15333557128906,118983700
2012-01-13,100.47380562012336,100.79403749547916,99.75524438228088,100.63001251220703,179836200
2012-01-17,101.59854764761332,101.78600313031377,100.67690642161833,101.02056884765625,132209200
2012-01-18,100.99712561540765,102.19212586149494,100.81748824920366,102.13745880126953,163395200
2012-01-19,102.48890566469561,102.76227666143068,102.16086761930661,102.67636108398438,126328900
2012-01-20,102.50456087369723,103.05909729003906,102.25462023919216,103.05909729003906,138230200
2012-01-23,102.71543915299316,103.2934179559808,102.30148538795669,102.79354858398438,129295800
2012-01-24,102.16086761930661,102.70759769495494,102.00466072881021,102.67636108398438,103083300
2012-01-25,102.52012940586296,103.77761438090738,102.12180009742788,103.53549194335938,198613200
2012-01-26,103.9963302021542,104.19159181493919,102.59826229845585,103.00440979003906,184880500
2012-01-27,102.50454926784217,103.13719504029324,102.43424602370666,102.95755767822266,135259100
2012-01-30,101.93438618673692,102.66076571282183,101.58291760474592,102.60608673095703,147311800
2012-01-31,103.11374668538086,103.23870504895221,102.06713547598913,102.5670166015625,157212000
2012-02-01,103.32465351713425,103.98854792026752,103.19969511378717,103.46524810791016,166234500
2012-02-02,103.66831191572658,103.89482210378462,103.2621762644248,103.62925720214844,113090400
2012-02-03,104.66023322789185,105.14447825449632,104.4805958660586,105.08199310302734,160598500
2012-02-06,104.64461066897768,105.05856437612171,104.52745845670078,105.01170349121094,107694500
2012-02-07,104.79302996522561,105.45692439983814,104.37907618481,105.27727508544922,135528100
2012-02-08,105.33191391234784,105.61309108220048,104.90233602537552,105.58966064453125,139361400
2012-02-09,105.7615278599034,105.90211053385205,105.09763345205462,105.72247314453125,148602900
2012-02-10,104.78521457256835,105.02733711138424,104.53527394035498,104.94142150878906,167907500
2012-02-13,105.69123652292906,105.84744346659176,105.23822804382915,105.72247314453125,115841900
2012-02-14,105.44125992741155,105.65214578425648,104.85547515003704,105.58966064453125,165329500
2012-02-15,105.93331284194815,106.08951971743916,104.88670174873499,105.09758758544922,195195100
2012-02-16,105.10544507273104,106.35511246289559,104.91798960118504,106.26139068603516,186567800
2012-02-17,106.628449448443,106.71436502237428,106.19106540581878,106.54253387451172,129869400
2012-02-21,106.79247665897992,107.04241724093119,106.26137079906788,106.58940887451172,134042300
2012-02-22,106.42539542076221,106.65190558745067,106.05830259984579,106.24575805664062,124455300
2012-02-23,106.19110145093474,106.79249875476846,105.83181476949771,106.71440124511719,137704300
2012-02-24,106.94869995117188,107.1595858597787,106.71439551696953,106.94869995117188,105539100
2012-02-27,106.23795670023219,107.4173327184353,106.06612550316622,107.12834930419922,145728900
2012-02-28,107.15955769830693,107.56570514056354,106.94867184512077,107.44073486328125,129355900
2012-02-29,107.59696398807417,107.9328201879541,106.64408628305301,107.01899719238281,185934700
2012-03-01,107.24547118320469,107.77658889238818,106.94866975990152,107.5735092163086,145023500
2012-03-02,107.50319955955894,107.64379407422203,107.00333046330445,107.24545288085938,120638300
2012-03-05,107.0814535553964,107.15955103547577,106.44098986251284,106.8080825805664,140765000
2012-03-06,105.71465779359043,105.77713103137275,104.94141740050489,105.24602508544922,202129900
2012-03-07,105.48810823553711,106.1520023379313,105.38656840585273,105.98017120361328,143692200
2012-03-08,106.62844853378368,107.25328798266754,106.4097565143475,107.03458404541016,116968900
2012-03-09,107.23766913548887,107.72972024516255,107.10489268254062,107.44855499267578,122836800
2012-03-12,107.43298281997487,107.59699596345158,107.07369607121797,107.45641326904297,104003500
2012-03-13,108.03435075614291,109.448042924728,107.8547014916913,109.39336395263672,184090500
2012-03-14,109.42463061543728,109.69798976771807,108.94037363175917,109.27622985839844,145163600
2012-03-15,109.44021901102484,109.95571250122171,109.15904182708313,109.90885162353516,165118500
2012-03-16,110.10813192538208,110.20226442849003,109.82572244600449,110.06106567382812,152893500
2012-03-19,109.99045564591495,110.82983164747452,109.91200392088577,110.49251556396484,125291100
2012-03-20,109.86491016221542,110.30421098424557,109.54327492821133,110.17085266113281,121729700
2012-03-21,110.23361627812906,110.33558913536692,109.7629299660846,109.99043273925781,122388400
2012-03-22,109.18241212355866,109.47267385287184,108.83725574742995,109.19810485839844,135216700
2012-03-23,109.29225264584421,109.67663488582419,108.68820802152592,109.55111694335938,120521000
2012-03-26,110.3356186926053,111.08871459960938,110.29640479780524,111.08871459960938,120164000
2012-03-27,111.19072182360146,111.2613212125088,110.67296903150283,110.74356842041016,119868500
2012-03-28,110.68863942350607,110.86122365268942,109.5433088089306,110.19441986083984,148562100
2012-03-29,109.54333037686841,110.21013430000471,109.11186971895998,110.00616455078125,164963700
2012-03-30,110.54744324899208,110.64942811694232,109.86495859746034,110.46115112304688,135486800
2012-04-02,110.32775852527148,111.5593810345223,110.10810808554095,111.26911926269531,151741100
2012-04-03,111.11224251466868,111.30051947510509,110.1630292979577,110.81414031982422,155806700
2012-04-04,109.99831373332167,110.09244624246408,109.30797674613177,109.71590423583984,146896000
2012-04-05,109.33937966524982,109.98263853039258,109.2452351710399,109.66100311279297,137439400
2012-04-09,108.28029309974784,109.70018057267127,108.1312420222496,108.4293441772461,127555900
2012-04-10,108.21754723242421,108.52348980802087,106.49955739636118,106.60938262939453,235360300
2012-04-11,107.69978086064386,107.8958981782334,107.27617272147296,107.4722900390625,154133000
2012-04-12,107.57430041933729,108.96280273914964,107.4958486856518,108.87651062011719,154321500
2012-04-13,108.62547614527098,108.9000452166436,107.48014558218145,107.5821304321289,169246700
2012-04-16,108.13126888849656,108.28816038850968,107.14284166536515,107.51154327392578,147825300
2012-04-17,108.13122731053824,109.32362379824245,108.02140210575294,109.10397338867188,147877600
2012-04-18,108.61763254109653,109.10399971248567,108.55487355607012,108.73529815673828,123884200
2012-04-19,108.75097928716626,109.1588946912174,107.52720913491048,108.037109375,198666700
2012-04-20,108.51561613776,108.90785070257368,108.15475507130986,108.21751403808594,143199600
2012-04-23,107.11144643206258,107.40170824921873,106.64077197487272,107.30756378173828,171844900
2012-04-24,107.4016636310637,107.99001543567029,107.3153715542528,107.71544647216797,137484200
2012-04-25,108.76668739948724,109.23737387025326,108.6725548933557,109.1903076171875,150252200
2012-04-26,108.95496099047027,110.07675852385542,108.89220199831796,109.95124053955078,136291600
2012-04-27,110.28065044741021,110.4453822296892,109.66876560170917,110.13159942626953,130725000
2012-04-30,109.91201660378744,109.99046833786927,109.42564936863131,109.72373962402344,115092200
2012-05-01,109.66094129792872,111.12790680272516,109.53543532648949,110.40619659423828,138832200
2012-05-02,109.76297959058634,110.18659985695766,109.40213029558691,110.07677459716797,121081000
2012-05-03,110.09243450971918,110.17872662392162,109.03340798456563,109.23736572265625,143759700
2012-05-04,108.66468668162115,109.2765717548964,107.4095310610277,107.4722900390625,193927300
2012-05-07,107.08793511327885,107.91163054365083,107.04872121140131,107.55078125,127765900
2012-05-08,106.90752120619116,107.2919156376618,105.84064202073522,107.11933135986328,213377700
2012-05-09,105.98181915958762,107.16636362683833,105.50329235386725,106.48387908935547,220752500
2012-05-10,107.22126238961127,107.35463270949492,106.46033815117256,106.70352172851562,150600000
2012-05-11,106.03669809912418,107.3702933170873,105.98963186332134,106.38186645507812,153032400
2012-05-14,105.36209933472394,106.38191210491624,105.04831631469013,105.20520782470703,163910000
2012-05-15,105.13460361573166,105.75432924137641,104.4364262536514,104.60115814208984,207629300
2012-05-16,105.07181113336374,105.55033784497952,104.17751668526792,104.2010498046875,207265500
2012-05-17,104.22460128120032,104.35011925357931,102.60074393493554,102.6556625366211,247992900
2012-05-18,103.05569978332056,103.23613629116052,101.62797227419159,101.77702331542969,319615900
2012-05-21,102.1065405163618,103.56565408687415,101.94179667466791,103.52642822265625,177861100
2012-05-22,103.79311734665903,104.51482757014962,103.03218126938145,103.70682525634766,197531200
2012-05-23,102.96158729470227,103.91080033772712,101.97316036589135,103.76174926757812,204958400
2012-05-24,104.04418048788901,104.20891235887376,103.09496724582971,103.96572875976562,167357600
2012-05-25,103.9265082167643,104.21677004963983,103.37738200194455,103.62841796875,135465600
2012-05-29,104.45995195616133,105.06398479757694,102.89885348446187,104.88356018066406,152883500
2012-05-30,103.9892492865546,104.87570343273752,103.14987335357436,103.3616714477539,162370400
2012-05-31,103.3224550997965,103.90295471158073,102.24772403653257,103.1341781616211,196186000
2012-06-01,101.51816126049047,103.15769900301152,100.5375747680664,100.5375747680664,253240900
2012-06-04,100.71802277375691,100.99259184356318,99.73743605309566,100.49053192138672,202545800
2012-06-05,100.29439773595549,101.40049632491908,100.23948512494347,101.25145721435547,164149400
2012-06-06,101.9574894143657,103.57349447169646,101.92610393497012,103.52642822265625,184202800
2012-06-07,104.70314045540356,104.75020670809681,103.3773851442911,103.58919525146484,184772700
2012-06-08,103.32246797737105,104.43641306779621,102.99298030198563,104.41287994384766,143915400
2012-06-11,105.25226673009811,105.3150257237329,102.98515045402812,103.0871353149414,169756100
2012-06-12,103.38519813070339,104.34225158200942,102.89099063834438,104.27165222167969,181931800
2012-06-13,103.96572285798248,104.61683386027526,103.25185287076422,103.60487365722656,172223900
2012-06-14,103.81666324014637,105.11888513780012,103.53425381619797,104.70311737060547,230615500
2012-06-15,105.17468992860435,105.86859180638858,104.95390132675348,105.77397155761719,169444500
2012-06-18,105.3323437986385,106.239152833003,105.09578125817409,105.97893524169922,131360900
2012-06-19,106.51518680890462,107.43777025458115,105.9553223083272,107.00407409667969,137382600
2012-06-20,107.01195314594905,107.31948092096421,105.87646227448576,106.83058166503906,206451800
2012-06-21,106.95674746573944,107.06714174052095,104.34670194391865,104.43344116210938,205272200
2012-06-22,104.97749149008331,105.43484246319694,104.57533161727413,105.23770904541016,130029200
2012-06-25,104.12593477624027,104.16536388934605,103.17969622208152,103.55030822753906,146375700
2012-06-26,103.84992068110046,104.3861300334469,103.24274615967201,104.07070922851562,141634000
2012-06-27,104.41766326359256,105.21407821428848,104.06282539574084,105.00906372070312,108088000
2012-06-28,104.31512186783364,104.86710510459665,103.51870713192423,104.70938873291016,169242100
2012-06-29,106.60977792757478,107.45351495265407,106.33379828944456,107.31946563720703,212250900
2012-07-02,107.61910617540319,107.7531554981323,106.8621203491596,107.64276123046875,129524500
2012-07-03,107.61911987197215,108.43130895145032,107.50872559025883,108.35246276855469,80450000
2012-07-05,107.9503103968001,108.6599982857944,107.46930412824263,107.86357116699219,126177500
2012-07-06,106.8227269238929,107.05928958562973,106.33383957982646,106.8385009765625,151192100
2012-07-09,106.75174737542751,106.90157077544343,106.21553794547977,106.70443725585938,103780500
2012-07-10,107.24852658399463,107.42200506145979,105.41124055053284,105.77397155761719,167884800
2012-07-11,105.82914009998201,106.13666783995154,105.17465551859608,105.78971099853516,141733400
2012-07-12,105.17470514725642,105.84495205983171,104.55964937709172,105.27720642089844,143583200
2012-07-13,105.55318890389185,107.15391237355261,105.53741485084893,107.04351806640625,129642600
2012-07-16,106.79906888443837,107.1065967265024,106.3732536987642,106.79117584228516,97525200
2012-07-17,107.21699302622781,107.74530948105225,106.09727593855978,107.52452087402344,138860300
2012-07-18,107.27216352450574,108.53382277801315,107.2090913906973,108.32091522216797,113349700
2012-07-19,108.54169031704339,108.95961233608914,108.19474549585425,108.60477447509766,129847300
2012-07-20,107.98971421304205,108.15531162464264,107.49294604238496,107.61122131347656,142904500
2012-07-23,106.03416120222,107.5402639341783,105.53738096353551,106.5230484008789,145210900
2012-07-24,106.60192090110573,106.6492310193095,104.8986844533212,105.60836029052734,173301200
2012-07-25,105.82915254130567,106.10513221973304,105.07215461357939,105.63201904296875,129122300
2012-07-26,107.15392145001321,107.60339175923099,106.65714100973632,107.37471008300781,156526500
2012-07-27,107.9423887742097,109.66139867305878,107.35098843859994,109.3538589477539,236768900
2012-07-30,109.2277026871975,109.87429413078743,109.03056924199424,109.3538589477539,106782000
2012-07-31,109.2040906629814,109.50372543593905,108.58903503417969,108.58903503417969,120575900
2012-08-01,109.36966563423415,109.39332069215286,108.34456900681828,108.49439239501953,138293800
2012-08-02,107.6743198620385,108.47862790919376,106.90944092120854,107.74528503417969,199556600
2012-08-03,109.25927639713933,110.11089461774966,107.7768285280686,109.8822250366211,157825000
2012-08-06,110.1740349550667,110.52887305320695,110.0478665546361,110.09517669677734,86326200
2012-08-07,110.53671890482308,111.12023854713814,110.41844358709297,110.64712524414062,109545100
2012-08-08,110.27650470644578,110.90732239515663,110.24495660276455,110.78116607666016,89754700
2012-08-09,110.62344151558891,111.09656677952616,110.51304722494692,110.87577819824219,90291700
2012-08-10,110.42626893723428,111.09652748540005,110.24490953076993,111.05709838867188,99792700
2012-08-13,110.86788852605383,111.05712899118183,110.42629936591504,111.00193786621094,79426900
2012-08-14,111.41200549064938,111.4829827217346,110.68655538150863,111.01773834228516,102379400
2012-08-15,110.89943148470618,111.3331276310337,110.82846630587306,111.14387512207031,71085900
2012-08-16,111.30153546079842,112.09796225927853,111.02555586391756,111.96391296386719,112014200
2012-08-17,112.15312232082199,112.20832544415964,111.86136876051445,112.11369323730469,90813700
2012-08-20,111.95604564458,112.14529812208528,111.64851788867959,112.12164306640625,78255700
2012-08-21,112.39764842586781,112.83134459926762,111.53814912081465,111.7825927734375,105581100
2012-08-22,111.49867733871444,112.01123154097347,111.23847176632886,111.82987213134766,133243500
2012-08-23,111.55388689742529,111.56176790453316,110.74169797865291,110.91517639160156,111466400
2012-08-24,110.63923345811493,111.83780883039309,110.56826826667091,111.5854721069336,99481200
2012-08-27,111.88509206272727,112.03491545225667,111.45139594358278,111.60910034179688,68785900
2012-08-28,111.32523979507631,111.84567519500362,111.15965437005667,111.49871826171875,75689600
2012-08-29,111.59336514958997,111.88511895802243,111.2779442452656,111.5854721069336,65421300
2012-08-30,111.1044559308978,111.13600403457905,110.54460342735551,110.78116607666016,96589900
2012-08-31,111.4119647402467,111.82989883416006,110.67863388791238,111.30946350097656,151970400
2012-09-04,111.21482833499087,111.54602319806139,110.4972715505348,111.20694732666016,120226200
2012-09-05,111.25428083610885,111.55392766472075,110.89156186344042,111.11235046386719,100660300
2012-09-06,111.78256233955338,113.37540420088429,111.77468133202845,113.36752319335938,158272500
2012-09-07,113.55679873334093,113.85644556093092,113.45429747554142,113.80913543701172,107272100
2012-09-10,113.69873845832791,113.89587199139747,113.1231119107461,113.16252899169922,86458500
2012-09-11,113.23351500433594,113.84067767026185,113.2019668986315,113.47795867919922,88760000
2012-09-12,113.85640716552734,113.98257547481543,113.47002123035965,113.85640716552734,87640900
2012-09-13,113.84064022699678,115.94602438740296,113.5410055138188,115.5911865234375,225470200
2012-09-14,115.81989463240772,116.7897882246332,115.72526235681997,116.10376739501953,169777000
2012-09-17,115.86721523403187,116.0643487805626,115.41774497254495,115.70951080322266,119427800
2012-09-18,115.51238215612027,115.76470684970194,115.32312961187601,115.61488342285156,98326600
2012-09-19,115.7489131780816,116.04855998099528,115.4492784072432,115.67794799804688,128318300
2012-09-20,115.14960459447879,115.74888602766156,114.83419584692417,115.6858139038086,154009800
2012-09-21,116.24786684637546,116.27164817558831,115.58988851344931,115.637451171875,108737500
2012-09-24,115.06670962557429,115.72468815605066,114.97950736017849,115.46308135986328,95682000
2012-09-25,115.70882470935783,115.9307918796938,114.20260508630253,114.23432159423828,133165200
2012-09-26,114.21053689762034,114.24224130831875,113.32265614612346,113.5921859741211,146502200
2012-09-27,114.06785695069846,114.92402134637432,113.76661056250546,114.66241455078125,111830300
2012-09-28,114.22639670206824,114.59898707788167,113.72697657200496,114.13127136230469,150696100
2012-10-01,114.56724474389384,115.4947527885155,114.16293799110701,114.43247985839844,135911200
2012-10-02,114.88436524639515,115.06669283059028,114.02027789487947,114.5514144897461,113422200
2012-10-03,114.86058826416568,115.28866436855654,114.25810764783304,115.01913452148438,121283100
2012-10-04,115.45512597833101,116.01004383182212,115.29657974823384,115.84357452392578,124311600
2012-10-05,116.46192484178296,116.66011067314003,115.50270009564133,115.85150909423828,124842100
2012-10-08,115.42343474903784,115.83565257509412,115.19353240729167,115.45513916015625,78415400
2012-10-09,115.36796423146238,115.46308958364926,114.27397429608828,114.31361389160156,148872900
2012-10-10,114.29774619648958,114.40874189328426,113.43365872865706,113.58428192138672,124247500
2012-10-11,114.37705065875178,114.54353214443165,113.62394662496975,113.6477279663086,123601500
2012-10-12,113.72695491967406,114.11539138062439,113.02933697074755,113.27508544921875,124181900
2012-10-15,113.54463858484974,114.33738201829117,113.17998337939738,114.21847534179688,107689100
2012-10-16,114.75750050924118,115.45511839138832,114.6782334475525,115.37583923339844,108815500
2012-10-17,115.45518201784395,115.9942539773909,115.28077745119417,115.89911651611328,128834100
2012-10-18,115.59778594970703,116.15270361068639,115.20933753887259,115.59778594970703,148108500
2012-10-19,115.38379146956032,115.39171454801047,113.40193318975442,113.67146301269531,185645200
2012-10-22,113.48121113084713,113.89344107948935,112.79152825424322,113.68733215332031,125578600
2012-10-23,112.45856545848932,112.61711169984434,111.64204082402327,112.10975646972656,192056300
2012-10-24,112.51402774828695,112.64880472646509,111.61823622800496,111.79264068603516,120179400
2012-10-25,112.58536520142925,112.79147402850923,111.43589026094398,112.11763763427734,134457400
2012-10-26,112.01464355328406,112.44271966199567,111.29324416445301,112.05428314208984,146023500
2012-10-31,112.45065483753933,112.59334284167514,111.52313442543986,112.05428314208984,103438500
2012-11-01,112.29208801232535,113.37021942647858,112.18903960476808,113.22753143310547,100995600
2012-11-02,113.90133773470268,113.9330542367887,112.10181937111436,112.2207260131836,137702200
2012-11-05,112.05430419443712,112.70434760702385,111.72134126295605,112.45067596435547,98378500
2012-11-06,112.7915175517749,113.77452361409195,112.67261089340319,113.3305892944336,107068100
2012-11-07,112.30003970243699,112.31588586205109,110.23890189992908,110.76211547851562,264304500
2012-11-08,110.746270291923,111.30912352857803,109.34311083696294,109.43031311035156,181517300
2012-11-09,109.09730257306238,110.54010083480047,109.04181684561853,109.525390625,201055300
2012-11-12,109.86633493630924,110.0407394996894,109.36691468327301,109.61266326904297,97677500
2012-11-13,109.03392321745432,110.38951977003845,108.89123520997411,109.23210906982422,123018300
2012-11-14,109.56508037703122,109.73947281193524,107.5118655953031,107.75761413574219,191505000
2012-11-15,107.79724642482986,108.20155330901528,107.16304927215643,107.57527923583984,178128400
2012-11-16,107.73383202815475,108.3204665467786,106.78254228965267,108.1064224243164,239483900
2012-11-19,109.31931233480432,110.31024160577356,108.13813238544392,110.29439544677734,151495800
2012-11-20,110.12000513344653,110.52429997348851,109.46202656108369,110.34197235107422,119807400
2012-11-21,110.43709683639254,110.64321789136318,110.21512962050572,110.54808044433594,81710800
2012-11-23,111.08713523748878,112.09391063459145,111.0157791391167,112.05428314208984,65409200
2012-11-26,111.49935503608897,112.06220817581786,111.13469984384581,111.81645965576172,100124400
2012-11-27,111.70546672114602,112.085980136627,111.17433013595499,111.24567413330078,128646200
2012-11-28,110.7938136593084,112.20489594908031,110.1913330276398,112.14148712158203,177086500
2012-11-29,112.56163207144671,112.97384990209498,112.07012297136069,112.66468048095703,151085900
2012-11-30,112.68055348267099,112.90252068093412,112.30004001369205,112.6884765625,136568300
2012-12-03,113.2037455853024,113.29887091042336,112.04633504568534,112.13353729248047,124656300
2012-12-04,112.12564456538684,112.46651847020978,111.67377495614036,111.97502136230469,127512200
2012-12-05,112.07014961372863,112.69642377998383,111.27740607914176,112.17321014404297,147300500
2012-12-06,112.07015214541478,112.6012888740297,111.90368277332253,112.55372619628906,103220600
2012-12-07,112.9897099880224,113.11655182857243,112.3079502154456,112.89458465576172,108726400
2012-12-10,112.73606784635243,113.21170672818147,112.68849307149335,112.94217681884766,98840700
2012-12-11,113.40983618250154,114.2422189318596,113.35435045057145,113.7110824584961,152570400
2012-12-12,114.15505018516075,114.59106147665662,113.60805530094815,113.7666015625,145880100
2012-12-13,113.69520853517838,114.02023609380936,112.78355885211985,113.0689468383789,135715000
2012-12-14,112.82325401463423,113.02936295770319,112.47444495997513,112.64884948730469,137701700
2012-12-17,112.94214092816533,114.03613057244642,112.91042442167146,113.97270965576172,143238200
2012-12-18,114.1550570968644,115.34417227495673,113.98857564955722,115.2411117553711,177762800
2012-12-19,115.3679626722989,115.40760226727647,114.34532886119179,114.38495635986328,150895400
2012-12-20,114.45631575660762,115.05879649012958,114.13921108398573,115.04293823242188,168487000
2012-12-21,113.50368947792789,115.0365506917769,113.32006871422203,113.99867248535156,245883800
2012-12-24,113.75115628480225,113.81502701094105,113.51963556188254,113.64737701416016,53874600
2012-12-26,113.87890295962009,113.93479441584053,112.84901638587729,113.1683578491211,106947700
2012-12-27,113.20028332375456,113.43181623161793,111.7073431509422,113.01666259765625,167920600
2012-12-28,112.2821543331446,112.90487861995317,111.66740931797929,111.79515075683594,148806700
2012-12-31,111.499805854857,113.81506253507722,111.40399364469604,113.6953125,243935200
2013-01-02,115.85083852556713,116.68113343117443,115.54745568405058,116.60928344726562,192059000
2013-01-03,116.55337749316361,116.85674808310692,116.03443263668065,116.34579467773438,144761800
2013-01-04,116.53744721436061,117.04840079704648,116.29793505764349,116.8567886352539,116817700
2013-01-07,116.44168319588819,116.64925396538253,116.10635876363857,116.53748321533203,110002500
2013-01-08,116.32985170448464,116.4895223808854,115.74703607158884,116.20211029052734,121265100
2013-01-09,116.45761497927364,116.81688933381322,116.27399425684129,116.4975357055664,90745600
2013-01-10,117.14420450142379,117.43161666217904,116.53745090964925,117.42363739013672,130735400
2013-01-11,117.39173300254754,117.4795537511202,117.04844146491712,117.41569519042969,113917300
2013-01-14,117.27191420677332,117.4156263393023,116.90466069661385,117.33578491210938,89567200
2013-01-15,116.79295849376079,117.52746594478594,116.72110847641004,117.41569519042969,93172600
2013-01-16,117.1761701246426,117.58333236049499,117.04842865304674,117.39971160888672,104849500
2013-01-17,117.9186755895215,118.49350018073596,117.47957177927428,118.15818786621094,133833500
2013-01-18,118.13416533444772,118.54931888037419,117.7030410646529,118.42157745361328,169906000
2013-01-22,118.4216152084311,119.06031036376953,118.14218227106528,119.06031036376953,111797300
2013-01-23,119.06029971723767,119.35569117505244,118.84473753289123,119.25189971923828,104596100
2013-01-24,119.0762610776051,119.86664765082939,118.9644903464306,119.28384399414062,146426400
2013-01-25,119.65903064649484,119.95442199707031,119.25185642587316,119.95442199707031,147211600
2013-01-28,119.98639740569709,120.01833886144976,119.36367302157598,119.8107681274414,113357700
2013-01-29,119.57126179668701,120.43349841281888,119.49142033548908,120.28180694580078,105694400
2013-01-30,120.26583032410097,120.50534251386202,119.69898521440304,119.8107681274414,137447700
2013-01-31,119.66701122712439,120.05821473029731,119.4354905788573,119.51531982421875,108975800
2013-02-01,120.27378227089687,120.88852724245832,120.06621158404839,120.74482727050781,131173000
2013-02-04,120.0103555638877,120.76880065428243,119.299798291324,119.38761901855469,159073600
2013-02-05,120.03433166730267,120.9364769536637,119.98641947486114,120.59318542480469,113912400
2013-02-06,120.17001564749326,120.76079850372325,120.08219492804089,120.68096923828125,138762800
2013-02-07,120.72089271082267,120.83266343066207,119.64309405501109,120.52130126953125,162490000
2013-02-08,120.72884104426723,121.26374450799948,120.72884104426723,121.19189453125,103133700
2013-02-11,121.14407977605671,121.27180909722082,120.86464676042846,121.16802978515625,73775000
2013-02-12,121.17594918012317,121.59110276952858,121.04022846826057,121.36756134033203,65392700
2013-02-13,121.61504088699343,121.83858229435364,121.12803735336732,121.47132873535156,82322600
2013-02-14,121.10414048029011,121.72686498567676,120.96841972215182,121.5831527709961,80834300
2013-02-15,121.69487803843704,121.82261947438606,120.99232450490507,121.43940734863281,215226500
2013-02-19,121.64699776909431,122.37351359899473,121.47934776656086,122.34956359863281,95105400
2013-02-20,122.2617219410799,122.3016426622147,120.76079053748586,120.82466125488281,160574800
2013-02-21,120.52128081717693,120.88852218485951,119.70694446391356,120.09015655517578,183257000
2013-02-22,120.67302158075121,121.2638168334961,120.14610925489653,121.2638168334961,106356600
2013-02-25,121.85460003499168,122.03822079429484,118.95652770996094,118.95652770996094,245824800
2013-02-26,119.53136178043373,119.91457405998052,118.74097503315092,119.7708740234375,186596200
2013-02-27,119.66705227130147,121.615066821217,119.56326081643192,121.27975463867188,150781900
2013-02-28,121.27174285683773,122.04615854699301,120.88055146715287,121.04022216796875,126866000
2013-03-01,120.62507092207508,121.6230280490009,120.08218809243247,121.43940734863281,170634800
2013-03-04,121.1600131722303,122.08612060546874,120.96841313921387,122.08612060546875,99010200
2013-03-05,122.67684758123156,123.50714235415742,122.6608768599952,123.1798095703125,121431900
2013-03-06,123.61895272921933,123.68282345258088,123.07606985378847,123.3475112915039,94469900
2013-03-07,123.50721995525697,123.73076146465591,123.3635199201142,123.57109069824219,86101400
2013-03-08,124.11397030201483,124.26564959265396,123.47527513464526,124.0979995727539,123477800
2013-03-11,124.00220538773623,124.57701766507013,123.85051390787267,124.56903839111328,83746800
2013-03-12,124.4812469635561,124.62495920330592,123.91441382669427,124.28963470458984,105755800
2013-03-13,124.35346211587208,124.6408743130976,123.93032918413677,124.4652328491211,92550900
2013-03-14,124.79252604178218,125.1837295746424,124.47318467191958,125.12783813476562,126329900
2013-03-15,124.97873402236743,125.1310879308312,124.5456921124379,124.96269226074219,138601100
2013-03-18,123.76782170074814,124.81031586776976,123.65555385114753,124.27303314208984,126704300
2013-03-19,124.53765364975466,124.70604928779733,123.16637084431021,123.98432922363281,167567300
2013-03-20,124.71409371459401,125.05891203629379,124.50558753284227,124.85041809082031,113759300
2013-03-21,124.1046057321897,124.81029623942878,123.57535008803634,123.78384399414062,128605000
2013-03-22,124.1767988980227,124.77823638916016,124.08056057877229,124.77823638916016,111163600
2013-03-25,125.10700289483604,125.3155090396094,123.77583065400573,124.25697326660156,151322300
2013-03-26,124.77020316880213,125.28342931285917,124.63387881262972,125.25135803222656,86856600
2013-03-27,124.50556921754634,125.29145631022467,124.2970753027432,125.25135803222656,99950600
2013-03-28,125.17117833628747,125.78064287688771,124.89852958721795,125.63629150390625,102932800
2013-04-01,125.57215936322096,125.82877863427252,124.83439731336824,125.13912963867188,99194100
2013-04-02,125.5881610362882,126.06931589777471,125.39569664443832,125.7565689086914,101504300
2013-04-03,125.82877882654202,125.92500493519323,124.1527755073717,124.48155212402344,154167400
2013-04-04,124.64188673578668,125.23530940328442,124.36923803839953,124.9867172241211,131885000
2013-04-05,123.45511302576121,124.57780410681066,123.31077384698321,124.4254379272461,159666000
2013-04-08,124.51358388898844,125.27540215043236,124.09658386438561,125.26738739013672,86571200
2013-04-09,125.49995266611687,126.1575301765023,125.08295259212309,125.70043182373047,101922200
2013-04-10,126.03724489719004,127.40050082507877,126.00517361350174,127.24011993408203,135711100
2013-04-11,127.26416856217692,128.07411220133065,127.13585896282706,127.65711212158203,110142500
2013-04-12,127.24811441388722,127.5368048661781,126.638662230729,127.34435272216797,116359900
2013-04-15,126.70283448344787,126.8070875666696,124.37728102351579,124.393310546875,217259000
2013-04-16,125.33155082055171,126.29386061242349,125.02683080698446,126.22970581054688,147507800
2013-04-17,125.3315708889793,125.35563965027961,123.719722531172,124.38531494140625,226834800
2013-04-18,124.59380660911427,124.62589013273765,123.13432442750491,123.60745239257812,167583200
2013-04-19,123.89616221031437,124.73817741045619,123.59142986985061,124.68203735351562,149687600
2013-04-22,124.92254360129672,125.53199569823418,124.09657063670393,125.23529052734375,106553500
2013-04-23,125.86079788242685,126.64667266157777,125.2353039632266,126.5263900756836,166141300
2013-04-24,126.56655301160995,126.94345495500168,126.33399024503302,126.60665130615234,96781200
2013-04-25,126.97545305244087,127.72124174491017,126.78300092762903,127.11980438232422,131060600
2013-04-26,126.9674713844618,127.1839923175819,126.48631647447885,126.89530181884766,95918800
2013-04-29,127.24013458008,128.02600960181664,127.03965538418848,127.74534606933594,88572800
2013-04-30,127.72130273007176,128.0821628726742,127.19203466157204,128.05007934570312,116010700
2013-05-01,127.76936006561255,127.83351485529725,126.78300617629455,126.9273452758789,138874200
2013-05-02,127.24811406038317,128.21843848341612,127.12783147071099,128.10617065429688,96407600
2013-05-03,129.22092747415977,129.81435056293245,128.13031967410572,129.40536499023438,144202300
2013-05-06,129.50153461978286,129.91852250117088,129.44539457635872,129.7340850830078,66882100
2013-05-07,130.0147607631545,130.43174864433593,129.6458736907331,130.39166259765625,90359200
2013-05-08,130.24731497450088,131.0251751884085,130.17514540486698,130.98507690429688,97419200
2013-05-09,130.92892740613806,131.2737456725637,130.2873916754628,130.61618041992188,106738600
2013-05-10,130.70434955734618,131.15342075302001,130.3194209013923,131.04115295410156,103203000
2013-05-13,130.87279804635529,131.36196770431803,130.5680780325412,131.14544677734375,81843200
2013-05-14,131.2496532663278,132.5968791560075,131.2496532663278,132.50064086914062,119000900
2013-05-15,132.28420230428142,133.4790505194452,132.2441040165429,133.21441650390625,120718500
2013-05-16,132.94175829288412,133.40687147783567,132.38843377567835,132.5889129638672,109913600
2013-05-17,133.07807680448425,133.95216308973832,132.90165414775504,133.87197875976562,129801000
2013-05-20,133.74368526791253,134.3852211664063,133.607360877878,133.8639678955078,85071200
2013-05-21,133.9842574282675,134.5616384903105,133.51914422627297,134.05642700195312,95804200
2013-05-22,134.19274780567972,135.5800726118822,132.45258990322534,133.06204223632812,244031800
2013-05-23,131.64268707810803,133.04604171533666,131.4662643733825,132.67715454101562,211064400
2013-05-24,131.89125793263105,132.62100516208386,131.49831429301508,132.5648651123047,151573900
2013-05-28,133.95214458855332,134.54556728252362,132.96579058854815,133.35873413085938,143679800
2013-05-29,132.6530566711236,132.9577889272777,131.78698518227316,132.49267578125,160363400
2013-05-30,132.59691025330534,133.59127897270815,132.49265718319666,132.98182678222656,107793800
2013-05-31,132.61301294168763,133.36681689408593,130.81672665813346,131.07333374023438,176850100
2013-06-03,131.37801332109427,131.88322475344137,130.43977225836227,131.79501342773438,168390700
2013-06-04,131.86720500568168,132.396473048273,130.49592184738225,131.16151428222656,157631500
2013-06-05,130.7846011555854,131.04923515413967,129.21285116186002,129.3251190185547,211737800
2013-06-06,129.2690092139545,130.50396816278743,128.50719056271112,130.49594116210938,200225500
2013-06-07,131.39406531838912,132.27616640790828,130.82469903786898,132.1558837890625,188337800
2013-06-10,132.56485692941675,132.63702650072423,131.81105322124023,132.1558837890625,105667100
2013-06-11,130.95301396703303,131.9473829532334,130.50394252342264,130.79263305664062,159505400
2013-06-12,131.6907261520267,131.82705048613042,129.58970887683205,129.70999145507812,177361500
2013-06-13,129.63786436282234,131.91530498945934,129.34917384421493,131.68275451660156,163587800
2013-06-14,131.53838452182518,132.0516106782344,130.6402418071782,130.85675048828125,141197500
2013-06-17,131.7468621603983,132.49265090086357,130.88881783075146,131.86715698242188,136295600
2013-06-18,131.93934345294275,133.1101471282222,131.93132869162352,132.90966796875,114695600
2013-06-19,132.79746266538174,133.03001321591952,131.0172059120146,131.07333374023438,206149500
2013-06-20,129.79818196240848,131.08926778592252,127.48865893990569,127.8254623413086,321255900
2013-06-21,128.69535982716673,128.79209507424136,126.9459944034356,128.23585510253906,271956800
2013-06-24,126.89765470851287,127.71992909166612,125.54329944627497,126.61549377441406,222329000
2013-06-25,127.76023044232853,129.06621797724466,126.90570282997885,127.83279418945312,162262200
2013-06-26,128.88082878250142,129.38871365091828,128.38101338883948,129.09849548339844,134848000
2013-06-27,129.8723430702512,130.45277908517022,129.75141172488034,129.85621643066406,129483700
2013-06-28,129.49350252692142,130.11423695546335,128.8727557973524,129.32420349121094,160402900
2013-07-01,130.0013797979799,130.98489615324,129.85627687721737,130.08200073242188,131954800
2013-07-02,129.88851107149102,130.83978638379727,129.38869574699015,129.96107482910156,154863700
2013-07-03,129.3724953659868,130.41244818841417,129.1628982883054,130.01742553710938,75216400
2013-07-05,130.9768061071112,131.4685641613178,130.03360045580172,131.42019653320312,122416900
2013-07-08,132.09735518104037,132.52461892285362,131.4685514741823,132.16990661621094,108092500
2013-07-09,133.0002234499182,133.2823842644529,132.42785695326202,133.12115478515625,119298000
2013-07-10,132.9921690252925,133.62097261823783,132.71807767473092,133.16952514648438,121410100
2013-07-11,134.71736422824975,135.12044412692788,133.16146942282052,134.9833984375,135592200
2013-07-12,134.94312069422944,135.37844167786284,134.7335235244838,135.03985595703125,104212700
2013-07-15,135.4106680087077,135.74925366213392,135.17687476877964,135.55577087402344,69450600
2013-07-16,135.64447838914356,135.72509931027736,134.68515831339425,135.0479278564453,88702100
2013-07-17,135.56381493670432,135.82177963814598,135.21715987727333,135.39451599121094,92873900
2013-07-18,135.68470681187125,136.45862536334144,135.5960287726509,136.1361541748047,103620100
2013-07-19,135.8540680088898,136.4264346418028,135.68476901966176,136.37806701660156,103831700
2013-07-22,136.57153731395812,136.83757152923062,136.2490660071024,136.6440887451172,79428600
2013-07-23,136.88602690151328,136.9102107274028,136.28140665221423,136.3539581298828,80829700
2013-07-24,136.87790986867483,136.93434697682886,135.57999169242026,135.85409545898438,112914000
2013-07-25,135.6121581540416,136.30545584716523,135.38643446800305,136.1845245361328,111088600
2013-07-26,135.6121845031639,136.36997658253836,135.04787517842357,136.3296661376953,107814600
2013-07-29,135.98301284683254,136.28935747041024,135.52350821248683,135.91046142578125,79695000
2013-07-30,136.3216107471136,136.46671358921617,135.58800246487272,135.91046142578125,85209600
2013-07-31,136.192676544993,136.92628511973777,135.82990699407247,136.00726318359375,142388700
2013-08-01,137.03911328417004,137.70015794512253,136.96654955103472,137.57923889160156,110438400
2013-08-02,137.27296919036232,137.82922174239107,137.08755577336257,137.81309509277344,91116700
2013-08-05,137.50667305237047,137.8210748596066,137.3293169251069,137.61146545410156,54072700
2013-08-06,137.34547069940695,137.6437582541915,136.52319638347106,136.82952880859375,87495000
2013-08-07,136.39419312874455,136.58766362879786,135.878251293563,136.38612365722656,84854700
2013-08-08,137.03104341556187,137.19227292012945,136.18457314030354,136.8859405517578,102181300
2013-08-09,136.70861818860246,137.1278248448869,136.0153200767199,136.49095153808594,91757700
2013-08-12,135.80566725779804,136.49089561604674,135.74117300625332,136.3296661376953,68593300
2013-08-13,136.57151283555174,136.96652320174422,135.7653531644384,136.7327423095703,80806000
2013-08-14,136.66829404749768,136.885960676227,135.99917981919984,136.03143310546875,79829200
2013-08-15,134.95923472203782,134.9753490636482,133.89509772659514,134.12889099121094,152931800
2013-08-16,133.87091443606934,134.33043149526657,133.41946684873298,133.6855010986328,130868200
2013-08-19,133.53233361366222,133.9918506896117,132.82290892139966,132.8309783935547,96437600
2013-08-20,133.04864496988003,133.98379355011642,132.90354207002906,133.48397827148438,89294400
2013-08-21,133.11314505273043,133.84675365892565,132.36342210208846,132.6616973876953,159530500
2013-08-22,132.9357622109491,134.06439344834874,132.92770504034064,133.87091064453125,101471400
2013-08-23,134.26591712948564,134.49164088936902,133.63711346966446,134.3223419189453,90888900
2013-08-26,134.45944717113653,134.87059672385683,133.73390795026083,133.8225860595703,89702100
2013-08-27,132.50047944779547,133.82258156884416,131.5734002187837,131.67013549804688,158619400
2013-08-28,131.6136383102417,132.60522367419586,131.44435164880096,132.1376495361328,108113000
2013-08-29,131.84748996025772,133.04866066525287,131.72655856175692,132.34730529785156,119200500
2013-08-30,132.62138345202115,132.63751009707195,131.54113195311106,131.92808532714844,134928900
2013-09-03,133.20179906062742,133.48395995075634,131.96837537707924,132.52462768554688,142375100
2013-09-04,132.55688037182207,133.8467412676752,132.31504221724663,133.6210174560547,97389400
2013-09-05,133.70158988614358,134.14496787608465,133.60484235837512,133.79026794433594,63090500
2013-09-06,134.23367823512288,134.61257436575357,132.59717465006847,133.8547821044922,159756500
2013-09-09,134.18532153986789,135.2172052942665,134.18532153986789,135.1365966796875,87559300
2013-09-10,135.95074092953232,136.1603379763177,135.6443963756769,136.1361541748047,105847200
2013-09-11,135.95081468222176,136.56349182128906,135.71703370709832,136.56349182128906,94545900
2013-09-12,136.51511598367247,136.69247214766406,136.01530077661837,136.20071411132812,83209000
2013-09-13,136.3458048091769,136.6118390073952,136.03140299328655,136.5070343017578,72727800
2013-09-16,137.9823447835301,138.04683905789162,137.07943724349397,137.29710388183594,106299200
2013-09-17,137.41803197221535,137.94203102495953,137.41803197221535,137.9097900390625,82523300
2013-09-18,137.86143842083092,139.88490820537362,137.51479547189348,139.50601196289062,203460600
2013-09-19,139.88484505220356,139.94933930915047,139.13511007858972,139.27215576171875,146616900
2013-09-20,139.6026755235164,139.6026755235164,138.1850194011329,138.29843139648438,132867100
2013-09-23,138.11213820398058,138.24174310607728,137.2210349715388,137.65847778320312,104616500
2013-09-24,137.63414064892072,138.14450076525688,137.07518952267083,137.33441162109375,106333100
2013-09-25,137.4235738734298,137.69900131993367,136.8160067856209,136.93751525878906,117306500
2013-09-26,137.16438212046302,137.8529508895496,136.94565445922996,137.464111328125,77146900
2013-09-27,136.7754869072413,137.01851619158052,136.47575779444657,136.8321990966797,99141800
2013-09-30,135.67381812506557,136.53251122063756,135.4064870434462,136.10316467285156,143937000
2013-10-01,136.20845229279016,137.31017454166414,136.07073855680403,137.18055725097656,127160000
2013-10-02,136.3785400717177,137.18052057634745,135.95729017009504,137.0509033203125,113350000
2013-10-03,136.73498881431487,136.8565096448394,135.1553169053656,135.7871856689453,176698000
2013-10-04,135.89250802398726,136.95372324749013,135.7142873524541,136.81600952148438,96878000
2013-10-07,135.6251585612728,136.4595496094622,135.48744485400667,135.6332550048828,96295000
2013-10-08,135.60891270600197,135.78713329991666,133.95633635267737,134.0535430908203,178015000
2013-10-09,134.3128485661223,134.63687943860128,133.2840313864741,134.1508331298828,168973000
2013-10-10,135.5198592921854,137.11573650510684,135.47125590271312,137.04283142089844,195955000
2013-10-11,136.83221367182512,137.9744427771998,136.71880164185075,137.9258270263672,105040000
2013-10-14,137.07526357248065,138.59012713490094,136.9699479713332,138.47671508789062,112106000
2013-10-15,138.12832306984407,138.64677973107118,137.28583563071825,137.47215270996094,155485000
2013-10-16,138.2984642026684,139.46499492355986,138.23365556695407,139.39208984375,161676000
2013-10-17,138.82508986022523,140.40477491351902,138.80078815426592,140.32376098632812,129389000
2013-10-18,140.8421379988875,141.36869114363444,140.55860177572666,141.271484375,138316000
2013-10-21,141.32015478695268,141.56318418478955,140.9637133182571,141.27964782714844,104104000
2013-10-22,141.6927032076825,142.5189852816827,141.30385149652705,142.09774780273438,126663000
2013-10-23,141.61175672675301,141.6765653761165,140.92318800411437,141.41734313964844,105484000
2013-10-24,141.70090509873856,142.06544303336625,141.3687653169934,141.88722229003906,70350000
2013-10-25,142.17879121746896,142.57573948758738,141.90336377827674,142.5352325439453,93625000
2013-10-28,142.48661177896795,142.9564650737508,142.3326928284895,142.7620391845703,84979000
2013-10-29,143.0860558167939,143.58021071102579,142.8835335217969,143.52349853515625,87401000
2013-10-30,143.6936912257172,143.7989944638658,142.30033618280325,142.81068420410156,140002000
2013-10-31,142.6972723872106,143.29674311718475,142.19502081081808,142.4056396484375,133795000
2013-11-01,142.59196113999772,143.06991099139654,141.94388705012577,142.74588012695312,142805000
2013-11-04,143.1347111370261,143.3048230044127,142.55954217166015,143.2481231689453,85677000
2013-11-05,142.68916377979082,143.18331886834446,142.2274191933306,142.7944793701172,85825000
2013-11-06,143.41008654439713,143.7908294478699,143.01313839625024,143.52349853515625,87348000
2013-11-07,143.79085889200235,143.90427090598493,141.57120963436367,141.70892333984375,157000000
2013-11-08,141.66037310502105,143.63699382829114,141.64418021193575,143.62078857421875,136713000
2013-11-11,143.48300704781758,143.81514661399785,143.31289522385882,143.64503479003906,62614000
2013-11-12,143.33723408043426,143.67747017755653,142.87547714513545,143.3534393310547,83990000
2013-11-13,142.64871729591826,144.54432455935836,142.64871729591826,144.5038299560547,103844000
2013-11-14,144.63332688502317,145.34620936884994,144.39840644520612,145.22470092773438,103435000
2013-11-15,145.4596344300096,145.91328246555364,145.2733173499073,145.85658264160156,102818000
2013-11-18,146.09965742040967,146.22116591028987,145.02223681985768,145.3462677001953,104796000
2013-11-19,145.27333324670832,145.71077608285606,144.7791782194208,145.03030395507812,93891000
2013-11-20,145.3219409412907,145.75938379040758,144.17971188945268,144.57666015625,124909000
2013-11-21,144.98172370536557,145.856621878262,144.89261336291358,145.7432098388672,92841000
2013-11-22,145.79991422703475,146.4884952911917,145.62980234312766,146.4722900390625,81296000
2013-11-25,146.73149121730236,146.76388935319787,146.11581538644253,146.32644653320312,79486000
2013-11-26,146.3993385945829,146.80438324267305,146.14821289052406,146.36692810058594,86994000
2013-11-27,146.52091203436774,146.82065361237318,146.34269132127926,146.7234344482422,58800000
2013-11-29,146.88539417081856,147.23372662791888,146.46414428417833,146.62615966796875,55870900
2013-12-02,146.69903978755738,146.97446712925756,146.01856787477598,146.24539184570312,99726000
2013-12-03,145.76747485743488,146.13201258083618,145.14370261722598,145.61355590820312,116563000
2013-12-04,145.08703361500804,146.2049487135331,144.47946649327181,145.59738159179688,123033000
2013-12-05,145.33814046321223,145.60547144529767,144.81968374792072,144.9573974609375,106934000
2013-12-06,146.35883285197613,146.71527412296138,145.9375829534498,146.5775604248047,127728000
2013-12-09,147.00696855596001,147.1689840124198,146.75584274429931,146.95025634765625,70124000
2013-12-10,146.60999265901313,146.9178306211899,146.33456519863634,146.42367553710938,80976000
2013-12-11,146.48042919732669,146.50473090006315,144.60101511245074,144.77923583984375,130591000
2013-12-12,144.71436488454881,144.8925855352242,144.00148228184716,144.3012237548828,115565000
2013-12-13,144.60104503557343,144.73066238431593,144.00968287829807,144.2851104736328,107808000
2013-12-16,144.96547653134567,145.6621538178668,144.92496959449343,145.1842041015625,96195000
2013-12-17,145.3137554072967,145.33805708618289,144.3983509659971,144.72238159179688,89886000
2013-12-18,144.94124992719568,147.2176000423481,143.64511380334125,147.19329833984375,234906000
2013-12-19,146.77199422243498,147.1932441791554,146.39126356962987,147.02313232421875,136531200
2013-12-20,147.16968081686503,148.2285165665086,147.07194633871208,147.87828063964844,197087000
2013-12-23,148.6032050033185,148.75795957840043,148.2937082812445,148.66836547851562,85598000
2013-12-24,148.6765215600421,149.05933162464848,148.6683811603175,148.99417114257812,45368800
2013-12-26,149.32814146933998,149.8331321914171,149.3118606668907,149.75167846679688,63365000
2013-12-27,149.94713686676076,150.01228492271613,149.58876041854842,149.74351501464844,61814000
2013-12-30,149.75976959660272,149.88195014333527,149.52357375786278,149.71905517578125,56857000
2013-12-31,149.9227255659688,150.42770385742188,149.80868538083456,150.42770385742188,86119900
2014-01-02,149.84939288954016,149.92270620309975,148.62766175270946,148.9860382080078,119636900
2014-01-03,149.2385316363322,149.53990044323353,148.74984662432476,148.96160888671875,81390600
2014-01-06,149.45029722263197,149.50730487791859,148.3018670080223,148.52992248535156,108028200
2014-01-07,149.1244890957526,149.69462776724268,149.01046136145462,149.442138671875,86144200
2014-01-08,149.41771136170752,149.7272205513541,148.9616004052335,149.4747314453125,96582300
2014-01-09,149.95525875944134,149.97155198546506,148.88828237455223,149.57244873046875,90683400
2014-01-10,149.82498170578185,150.04489682322176,149.05936142351186,149.979736328125,102026400
2014-01-13,149.5968886105806,150.01227268087914,147.69913161239018,147.9842071533203,149892000
2014-01-14,148.47291191045076,149.67836228563772,148.19598915997224,149.59690856933594,105016100
2014-01-15,149.94713306986714,150.63129949289848,149.62948348573894,150.4032440185547,98525800
2014-01-16,150.0937511810733,150.4032603991451,149.72723430225238,150.20777893066406,72290600
2014-01-17,149.9471183604745,150.23218146139467,149.31181925453913,149.57244873046875,107848700
2014-01-21,150.43580495107432,150.49282502874257,149.09190584937838,150.01226806640625,88621200
2014-01-22,150.26480099779204,150.32996148814357,149.792396763813,150.11004638671875,61270900
2014-01-23,149.35257699647892,149.37701062855635,148.09013124549864,148.8801727294922,132496900
2014-01-24,147.91087903995145,147.95974628297785,145.6547460382236,145.70361328125,208677100
2014-01-27,145.84210692691246,146.2167765866111,144.26199943581602,144.9868927001953,180843100
2014-01-28,145.09275539498256,146.03756356934198,145.0764621704346,145.85023498535156,110463200
2014-01-29,144.6367305508675,145.42678463210535,144.06659163350417,144.44940185546875,216597300
2014-01-30,145.6548160170101,146.45301036880016,145.1905521290308,145.98060607910156,118938100
2014-01-31,144.17240223814483,146.02943241334532,144.09910135893472,145.12535095214844,194677900
2014-02-03,144.9543071854153,145.28009713734875,141.58233022773507,141.8592529296875,254837100
2014-02-04,142.49460503011989,143.21949850664004,141.81043841976046,142.8529815673828,165012400
2014-02-05,142.35613270191,142.99143199535564,141.4846374878115,142.6737823486328,164230500
2014-02-06,143.0077155505298,144.55523681640625,142.71449955584774,144.55523681640625,132877600
2014-02-07,145.23123275908503,146.50183099607554,144.75882861977746,146.34707641601562,170787200
2014-02-10,146.36335566871372,146.6647244009334,145.9642648720195,146.6158447265625,92218800
2014-02-11,146.73803750007195,148.59506758208758,146.64029057127263,148.22039794921875,117814100
2014-02-12,148.4403640084679,148.91276830436547,148.00054617606358,148.29376220703125,94717700
2014-02-13,147.29196549448687,149.21415713077388,147.2838250908935,149.0594024658203,100542200
2014-02-14,148.92091716483674,150.15894185791888,148.7824557573617,149.88201904296875,96498400
2014-02-18,150.01230805250017,150.2648096276486,149.58063065371078,150.06118774414062,80460900
2014-02-19,149.67021767540817,150.6394597833955,148.945324301651,149.0675048828125,126524300
2014-02-20,149.2711478641433,150.28925737732246,148.7254426564506,149.94717407226562,104998100
2014-02-21,150.23220350015177,150.59057995670685,149.70279164357203,149.77609252929688,118116400
2014-02-24,150.0937567112717,151.61684437151507,150.02859621937722,150.6068878173828,114063900
2014-02-25,150.72903868900747,151.16071602372952,150.05301264472214,150.5498504638672,117085000
2014-02-26,150.76976090401365,151.16886419828413,150.13446173556108,150.55799865722656,98677200
2014-02-27,150.3381144533762,151.388797931385,150.16706659839656,151.34808349609375,93880800
2014-02-28,151.32360652524997,152.43130987134995,150.72089381140304,151.73085021972656,150842000
2014-03-03,150.3950818231304,151.0466741784235,149.66204819098218,150.6638641357422,167748500
2014-03-04,152.1381639178603,153.10740634518876,152.10558987567399,152.7816162109375,167545900
2014-03-05,152.911888285607,153.18067065296515,152.6756799500076,152.92002868652344,88376900
2014-03-06,153.29467921017093,153.6204691993335,152.9444431651343,153.27023315429688,82516500
2014-03-07,153.90555460201134,153.90555460201134,152.65937736495687,153.3354034423828,114513500
2014-03-10,153.09921267539517,153.31097494617248,152.3743193150085,153.25396728515625,74939200
2014-03-11,153.48199510276507,153.70191016266037,152.14623637303978,152.4964599609375,99009100
2014-03-12,151.75528479443483,152.59420574734207,151.4131891802349,152.5371856689453,104824400
2014-03-13,152.99327542400314,153.1154559630593,150.40321204678204,150.8267364501953,155014300
2014-03-14,150.5579986107361,151.33175914355184,150.22405579898583,150.4032440185547,153919600
2014-03-17,151.16070262794435,152.12180415289643,151.09554214929588,151.763427734375,98359500
2014-03-18,152.07294965189638,153.05033205739392,151.91004222757047,152.84671020507812,101804600
2014-03-19,152.86299479230533,153.07476947793918,151.06298453296858,152.0322265625,176267300
2014-03-20,151.69829743203724,153.03405643981844,151.42951506467912,152.92002868652344,117241000
2014-03-21,153.5622625649089,154.63394857980958,152.18787755434911,152.3269500732422,163128000
2014-03-24,152.8504746010008,153.03864249391873,151.03433112610145,151.6969757080078,121411000
2014-03-25,152.46596830835193,152.9322811318041,151.5660854212697,152.41688537597656,103852000
2014-03-26,153.01410252128463,153.25952969924728,151.27977210078626,151.3206787109375,119843000
2014-03-27,151.1406593651871,151.62332478078565,150.44528462662262,151.0015869140625,142383000
2014-03-28,151.43523370196147,152.50691964967115,151.3452441385612,151.74610900878906,101642000
2014-03-31,152.71138754634865,153.22678327549093,151.77059810334978,152.98953247070312,99745000
2014-04-01,153.48858673531183,154.09397209016794,152.98137973820863,154.0039825439453,89193000
2014-04-02,154.2003423126809,154.72391450265187,153.91400850504783,154.51939392089844,78774000
2014-04-03,154.75666996025666,154.79757658315032,153.8404215255927,154.31491088867188,77435000
2014-04-04,155.15748037908972,155.1901981761404,152.24510960675133,152.4905242919922,169381000
2014-04-07,152.12238015418268,152.37598363484526,150.49440459137068,150.80526733398438,140803000
2014-04-08,150.73980350095462,151.67241659717632,150.19168999100296,151.427001953125,112660000
2014-04-09,151.83601279996043,153.10402981846056,151.39424156266253,153.05494689941406,100254000
2014-04-10,153.04683154040572,153.12045594830388,149.6517826529685,149.83995056152344,172959000
2014-04-11,149.00549283136132,150.0526370587238,148.32648310092503,148.49009704589844,167251000
2014-04-14,149.6517538168014,150.0117119410923,148.43281946665726,149.65994262695312,132382000
2014-04-15,149.97080066243507,150.79705900196785,148.49006173276612,150.69070434570312,157093000
2014-04-16,151.72973124361576,152.27784490856806,151.05889773899173,152.26966857910156,105197000
2014-04-17,152.06509770564273,152.90772123101448,151.80330545394506,152.48231506347656,105255000
2014-04-21,152.52327246886205,153.0632098056361,152.33511702711806,153.0141143798828,68329000
2014-04-22,153.16956578852134,154.1267207081396,153.08776503747137,153.70950317382812,85790000
2014-04-23,153.65223203712253,153.7340327818589,153.22682572247714,153.3495330810547,73869000
2014-04-24,154.10214403886297,154.11850917851407,152.92410364286548,153.66038513183594,88170000
2014-04-25,153.16133555830723,153.25132509085623,152.0569197027461,152.4005126953125,100380000
2014-04-28,153.0223427986041,153.5459151289749,151.31255327255937,152.88327026367188,135121000
2014-04-29,153.37405448606097,153.832178542073,153.04682658403647,153.59494018554688,84098000
2014-04-30,153.34129692403715,154.20846187417573,153.12858760823187,154.0530242919922,101508000
2014-05-01,153.97939219621074,154.4865990323068,153.57852752975197,154.0693817138672,93019000
2014-05-02,154.05307709512044,154.73208690727222,153.61949447143667,153.8485565185547,98122000
2014-05-05,153.0959372096432,154.24943636975703,152.67053087371784,154.14308166503906,75883000
2014-05-06,153.79945287952256,153.90580755956634,152.768673806211,152.8013916015625,85454000
2014-05-07,153.31679429713012,153.77491835038296,152.17147168105382,153.7012939453125,106500000
2014-05-08,153.56221264129664,154.65843977473543,153.04681686952523,153.53765869140625,93618000
2014-05-09,153.5622335759893,153.83218974920726,152.84231715955414,153.76675415039062,83679000
2014-05-12,154.45394620509006,155.3374766183252,153.7994778453293,155.2638397216797,86940000
2014-05-13,155.46831338919606,155.77918857493427,155.24744021474808,155.4028778076172,66454000
2014-05-14,155.26380719759425,155.3374440788146,154.44572503999854,154.66661071777344,72367000
2014-05-15,154.3557072035239,154.38843747427504,152.55592928337612,153.30856323242188,154956000
2014-05-16,153.3986063786252,153.9058258890584,152.75232685917896,153.8403778076172,97458000
2014-05-19,153.5458421704744,154.52753826309055,153.40676970162355,154.4048309326172,63839000
2014-05-20,154.3311724304549,154.3475375665397,153.0386137874054,153.43128967285156,111644000
2014-05-21,153.8730190244154,154.79745555063198,153.84847756645735,154.7238311767578,89093000
2014-05-22,154.7648029888116,155.41927132314513,154.50302314484532,155.1002197265625,61549000
2014-05-23,155.23932198713916,155.82834235269277,155.10024946790395,155.7220001220703,61092800
2014-05-27,156.30281480285257,156.72822112826734,156.21282524330226,156.67913818359375,72010000
2014-05-28,156.67912147377393,156.92454865391326,156.3027981331676,156.56459045410156,66723000
2014-05-29,156.92454594212742,157.39902267046722,156.52368113872893,157.37448120117188,64377000
2014-05-30,157.2271843011609,157.726214829124,157.09628818298742,157.62803649902344,76316000
2014-06-02,157.84899682661333,157.88172711311395,157.0472795686032,157.80809020996094,64656000
2014-06-03,157.4235279500103,157.8080275245052,157.27627916808893,157.72622680664062,65047000
2014-06-04,157.4562679559607,158.13527761921011,157.29265402717664,158.0452880859375,55529000
2014-06-05,158.22524997759652,159.23966371571177,157.64440623807792,159.0760498046875,92103000
2014-06-06,159.41965368783454,159.8777776632745,159.3460292952693,159.83688354492188,78696000
2014-06-09,159.81242435069842,160.385079614796,159.665163006817,160.00057983398438,65119000
2014-06-10,159.80418210755278,160.04960927666667,159.46058906397107,160.0168914794922,57129000
2014-06-11,159.4441908936042,159.6241699481405,159.1005979212009,159.46055603027344,68772000
2014-06-12,159.2723905583976,159.36238007996457,157.979819468136,158.3315887451172,106350000
2014-06-13,158.64249778363472,158.969738151457,158.13529081718977,158.81430053710938,82017000
2014-06-16,158.6179625319862,159.28060713874504,158.42980711495517,158.9451904296875,87424000
2014-06-17,158.72430308407553,159.50147863412855,158.55250033916508,159.38694763183594,84834000
2014-06-18,159.3869266194048,160.64676747853528,159.0351448482762,160.55677795410156,105267000
2014-06-19,160.69589453731265,160.83497950840575,160.18051119486776,160.73680114746094,85929000
2014-06-20,161.1370417406572,161.1945878978527,160.86577959120925,161.0630645751953,100587000
2014-06-23,161.10422995581675,161.15354808534155,160.71788788419357,161.01380920410156,70611000
2014-06-24,160.7260865622805,161.5234296868014,159.86298175769258,160.0438232421875,96237000
2014-06-25,159.7068370774699,160.93162514049092,159.67396250104642,160.76722717285156,82782000
2014-06-26,160.79183846748825,160.80828202219487,159.5752788170997,160.652099609375,84312000
2014-06-27,160.27400134883436,161.01381092790436,160.20002415375518,160.96449279785156,71445100
2014-06-30,160.86585014293937,161.2521922334639,160.72611125486281,160.88229370117188,70201200
2014-07-01,161.27682786076792,162.4522975197408,161.21929422945547,161.95909118652344,90470000
2014-07-02,161.97553500533223,162.3289899285973,161.90155781805697,162.1234893798828,52475000
2014-07-03,162.58378302762594,162.99478406040424,162.4604877348949,162.92080688476562,52938800
2014-07-07,162.6085300248629,162.7400408838343,162.11532353974374,162.35369873046875,61696000
2014-07-08,162.05778138940138,162.11532758263058,160.9151984617178,161.3097686767578,108143000
2014-07-09,161.71248544723468,162.18103271061287,161.36724603657817,162.03306579589844,72992000
2014-07-10,160.4712834722577,161.8193666876301,160.3397600993533,161.3919219970703,99040000
2014-07-11,161.29329594026729,161.72895616565359,160.93161291328394,161.61387634277344,64243000
2014-07-14,162.43587358858957,162.641374161798,162.29613470393898,162.4276580810547,58658000
2014-07-15,162.52627497075616,162.83863981848484,161.4083514840389,162.1234893798828,111307000
2014-07-16,162.84685182803247,162.97014713751028,162.27966831891894,162.7235565185547,79986400
2014-07-17,162.2221216569009,162.83862324027993,160.64386656582462,160.87403869628906,145398000
2014-07-18,161.40015802560742,162.6824796179167,161.30973727011076,162.51808166503906,124330000
2014-07-21,162.00839717209527,162.34542105644886,161.46587275475883,162.21389770507812,67592000
2014-07-22,162.7646244854689,163.21672813007623,162.64954469800122,162.92080688476562,67678000
2014-07-23,163.16746716929106,163.45517301011944,162.8386712449962,163.2825469970703,65612000
2014-07-24,163.43872316576068,163.62778018782168,163.12635826976071,163.29075622558594,56888000
2014-07-25,162.83039714708013,162.97013600252654,162.2056800504802,162.52626037597656,76837000
2014-07-28,162.5591691587061,162.8304314208784,161.62208704518352,162.59205627441406,69259000
2014-07-29,162.89621552218998,163.12637519277447,161.86871251323728,161.89337158203125,80466000
2014-07-30,162.46870864712082,162.68243721864235,161.24393355604488,161.91796875,104222000
2014-07-31,160.79184695509477,160.93158582058433,158.6217617012868,158.72039794921875,183479000
2014-08-01,158.28479177359637,159.27119221756016,157.47101736513824,158.2354736328125,189261000
2014-08-04,158.53963611844972,159.71510634882702,157.86560051434108,159.37808227539062,91340000
2014-08-05,158.72864889844533,159.13965004780147,157.2572577598049,157.83265686035156,152690000
2014-08-06,157.09283042981357,158.55599324446646,157.0681713688846,157.8819580078125,94818000
2014-08-07,158.59711161372007,158.75329404362202,156.63252679377374,157.02708435058594,135733000
2014-08-08,157.3805413609767,158.95055597691146,156.9613122259156,158.8437042236328,117014000
2014-08-11,159.443800787483,160.01098442989212,159.23008468657613,159.30406188964844,74544000
2014-08-12,159.14785396939695,159.59172965957305,158.59711397448487,159.08209228515625,73632000
2014-08-13,159.7068317438945,160.33977706806718,159.43558200486675,160.158935546875,69047000
2014-08-14,160.42196729256636,160.9151611328125,160.274000360561,160.9151611328125,57371000
2014-08-15,161.4987954359119,161.64674983172472,159.72326742959828,160.88229370117188,139951000
2014-08-18,161.77005790825442,162.3043543952653,161.6796371520015,162.23037719726562,75424000
2014-08-19,162.62489218680014,163.2002911473043,162.2960963644425,163.07699584960938,59135000
2014-08-20,162.8550757693344,163.70996510185142,162.8222011993569,163.51268005371094,72763000
2014-08-21,163.65241700155954,164.20315697720568,163.5208936376791,163.98944091796875,67791000
2014-08-22,163.85789918242608,164.1456049408123,163.36470543730863,163.73460388183594,76107000
2014-08-25,164.5155622332164,164.88546081005794,163.70177532995592,164.56488037109375,63855000
2014-08-26,164.6717071533203,165.07449275875288,164.6306045335401,164.6717071533203,47298000
2014-08-27,164.75388087653153,164.86897321576518,164.35110786024217,164.60592651367188,47874000
2014-08-28,164.06341447437083,164.6223824871083,163.89901654453914,164.51551818847656,58330000
2014-08-29,164.77037169934368,165.00053135832349,164.25251873801952,164.98410034179688,65907000
2014-09-02,165.19779203719168,165.2224511010995,164.285369044326,164.90187072753906,72426000
2014-09-03,165.53482844552346,165.55948751129006,164.58130276001563,164.81146240234375,57462000
2014-09-04,165.09094253085374,165.6992287615452,164.1209858161738,164.57308959960938,85236000
2014-09-05,164.54019730829336,165.37864315822722,163.9154800816765,165.31288146972656,102177000
2014-09-08,165.1566687058693,165.39505635076296,164.40042824109116,164.88540649414062,64146000
2014-09-09,164.73748646842503,164.85256629047166,163.5044829995999,163.8415069580078,88591000
2014-09-10,163.93188387427946,164.56482904607705,163.3893719840676,164.45797729492188,67251000
2014-09-11,163.80037247756104,164.6716927525662,163.67706462900378,164.64703369140625,66774400
2014-09-12,164.482661208005,164.4990922228145,163.21677067314525,163.68531799316406,117409300
2014-09-15,163.70996338019984,163.84148674424367,163.06880265893406,163.56199645996094,76401000
2014-09-16,163.25784294633763,165.09090417758864,163.1674222106567,164.79498291015625,116201000
2014-09-17,165.0333808113938,165.7813932609792,164.194935077748,165.01693725585938,151266000
2014-09-18,165.51835785706334,165.9211434367396,165.30464180773427,165.896484375,94990000
2014-09-19,166.424131294708,166.73794353040842,165.40833382774366,165.74693298339844,121649000
2014-09-22,165.4580037800111,165.48277811486054,164.12012669118536,164.46697998046875,125553000
2014-09-23,163.87235068335204,164.55780326686676,163.47594877288927,163.52549743652344,111393000
2014-09-24,163.55026984763194,164.91292108851607,163.12083970025273,164.80555725097656,107276000
2014-09-25,164.37610976999392,164.3843762811909,162.0885292156756,162.14633178710938,150300000
2014-09-26,162.44365074080827,163.83933030665568,162.21241523182184,163.43466186523438,103547000
2014-09-29,162.03073072427094,163.42641031023493,161.90685905745357,163.13735961914062,95112000
2014-09-30,163.26123066237926,163.76499640227962,162.3693169293726,162.70791625976562,131302000
2014-10-01,162.4436263721659,162.50144154143456,160.13952553848534,160.50289916992188,177798000
2014-10-02,160.36246995394956,161.0892171055728,158.85118569305732,160.52764892578125,157285000
2014-10-03,161.6012638751289,162.6418361269757,161.10576468026758,162.29498291015625,121569000
2014-10-06,162.9721962508407,163.18692394586924,161.51871406024947,162.1050567626953,104778000
2014-10-07,161.27094719940743,161.63432087279543,159.56970918435422,159.6027374267578,147913000
2014-10-08,159.69355825152905,162.625308954607,158.85945978390802,162.39407348632812,186461000
2014-10-09,162.13810426776607,162.3610858827649,159.0411863981919,159.17332458496094,210705000
2014-10-10,159.1320035667664,159.92480735377143,157.3151479033751,157.35643005371094,221909000
2014-10-13,157.29038956356874,157.86021183030198,154.6807172464707,154.7715606689453,230939000
2014-10-14,155.60567187153745,156.76186212389746,154.46600204316022,155.0110626220703,215847000
2014-10-15,152.91337524713177,155.00276088691277,150.23763445009078,153.96218872070312,380715000
2014-10-16,151.1790964021051,154.91191717539053,151.03870434532632,153.83006286621094,270391000
2014-10-17,155.60564738590858,156.7040222821876,154.94496914586392,155.64694213867188,214625000
2014-10-20,155.36615233007115,157.28210529497238,155.31660366911345,157.15823364257812,130011000
2014-10-21,158.2979018611203,160.37903397847364,158.13273544576614,160.2716827392578,154949000
2014-10-22,160.55247295100213,160.96539530563066,159.06594995406135,159.13201904296875,151822000
2014-10-23,160.7258627635592,162.030698668582,160.42855822062504,160.98187255859375,154944000
2014-10-24,161.24615155039496,162.27020334898165,160.61851421658324,162.22064208984375,117927000
2014-10-27,161.64256093135936,162.23717005478755,161.06447222841211,161.9976806640625,82954000
2014-10-28,162.54269962286995,163.86404309200887,162.46836405038124,163.8557891845703,106736000
2014-10-29,163.971436358897,164.44216119518578,162.52620841018086,163.60806274414062,142557000
2014-10-30,163.17038327576367,165.12763101363868,163.02172468985256,164.6569061279297,113330000
2014-10-31,166.63893802710297,166.67197887098305,165.80483943928192,166.5398406982422,146903000
2014-11-03,166.75453265464134,167.19222926493566,166.25076696713816,166.6306610107422,93600000
2014-11-04,166.18470734765853,166.4902784223134,165.21847066609175,166.05258178710938,93343000
2014-11-05,167.26659160208337,167.30788636022734,166.3664238409432,167.10142517089844,91709000
2014-11-06,167.1427025520137,167.86118338373612,166.52331904842137,167.7703399658203,107089000
2014-11-07,167.7868997551964,168.14201959996646,167.32442864689432,167.9272918701172,89540000
2014-11-10,167.960280824101,168.50532868967758,167.7538196715889,168.45578002929688,66319000
2014-11-11,168.52185909426603,168.72832025900985,168.18325975975273,168.62095642089844,54499400
2014-11-12,167.93551952305094,168.67052077896298,167.90247867930788,168.4392852783203,90120300
2014-11-13,168.60442183926634,169.15773616078914,167.8198720580441,168.6291961669922,85357900
2014-11-14,168.55489922006453,168.87697813163857,168.2410742185449,168.67051696777344,80417500
2014-11-17,168.34844763534315,168.9513107397437,168.18326861374072,168.7778778076172,80441000
2014-11-18,168.83567707491346,170.05792359097214,168.83567707491346,169.7523651123047,76068100
2014-11-19,169.5541508696757,169.7523581079076,168.72005236971964,169.47982788085938,82373000
2014-11-20,168.68700923359606,169.8844939547078,168.62094015508455,169.77713012695312,72840300
2014-11-21,171.47839385311582,171.64356027365574,170.1074886199934,170.68557739257812,142327300
2014-11-24,171.09022779005403,171.27191461390336,170.8755127261361,171.16455078125,65880800
2014-11-25,171.39575648900902,171.60221760738816,170.78463964349424,171.0406494140625,79108300
2014-11-26,171.1893124020666,171.57746035134673,170.97459735408972,171.47836303710938,62167800
2014-11-28,171.3545074935901,171.66831988528793,170.87551609412708,171.11500549316406,57890100
2014-12-01,170.4543212927143,170.56993903326463,169.6119688692997,169.92578125,103968400
2014-12-02,169.96705942197548,171.2306005352407,169.9422850943732,171.02413940429688,74507200
2014-12-03,171.19761486365422,171.89957532255877,171.0324484381114,171.6848602294922,68952000
2014-12-04,171.39583938711945,171.9987152173746,170.70213271817695,171.4949493408203,91316600
2014-12-05,171.66827096145315,172.1637826407543,171.40400730684183,171.775634765625,91025500
2014-12-08,171.37929881472255,171.87479808297377,170.06619614058962,170.62777709960938,108588200
2014-12-09,168.7778369823118,170.61947929630918,168.39795556785114,170.51211547851562,125180100
2014-12-10,170.04968312678588,170.10748570235788,167.58865687780872,167.7786102294922,159856400
2014-12-11,168.37318637956687,170.2808852227811,168.23279432199132,168.6291961669922,159012800
2014-12-12,167.34912801316986,168.3236310702847,165.8708719112847,165.90390014648438,202330200
2014-12-15,166.8040888803271,167.25830593087906,164.16138867900915,164.76425170898438,189965800
2014-12-16,163.99618533928424,167.1509044498711,163.40157635274895,163.44287109375,259543800
2014-12-17,163.8805992588116,167.10138805642455,163.75671501189532,166.6471710205078,253910100
2014-12-18,169.08342528724285,175.88012271020028,168.40622667720297,170.7681427001953,257633900
2014-12-19,171.42003561584713,172.16740570219824,170.73911194173044,171.49478149414062,245084600
2014-12-22,171.68576989037237,172.28366088867188,171.4449586662236,172.28366088867188,148318900
2014-12-23,172.8649113776922,172.91473350739588,172.22549781430553,172.51614379882812,122167900
2014-12-24,172.74036128079035,173.00608353756385,172.4912379537948,172.5327606201172,42963400
2014-12-26,172.9811701900877,173.4295947069521,172.93134805953358,173.08912658691406,57326700
2014-12-29,172.90636258351688,173.52916428929626,172.8399288810551,173.32156372070312,79643900
2014-12-30,172.89811709725885,173.03097187272357,172.31682518698517,172.39157104492188,73540800
2014-12-31,172.71546603598998,172.88154404555357,170.55641389884352,170.68096923828125,130333800
